,airline,departure,destination,layover,price,stops,travelTime
0,American Airlines,CHS,CLT,DCA,240,1,10.88
1,American Airlines,CHS,CLT,LGA,264,1,7.28
2,United,CHS,CLT,IAD,264,1,3.7199999999999998
3,United,CHS,CLT,ORD,287,1,7.77
4,United,CHS,CLT,ORD,287,1,7.9
5,Delta,CHS,CLT,JFK,296,1,6.08
6,Delta,CHS,CLT,JFK,302,1,6.77
7,Delta,CHS,CLT,JFK,302,1,10.43
8,Delta,CHS,CLT,ATL,311,1,3.32
9,Delta,CHS,CLT,ATL,311,1,3.43
10,Delta,CHS,CLT,ATL,311,1,3.5
11,Delta,CHS,CLT,ATL,311,1,3.8
12,Delta,CHS,CLT,ATL,311,1,3.87
13,Delta,CHS,CLT,ATL,311,1,4.77
14,Delta,CHS,CLT,ATL,311,1,4.8
15,Delta,CHS,CLT,ATL,311,1,4.87
16,Delta,CHS,CLT,ATL,311,1,5.33
17,Delta,CHS,CLT,ATL,311,1,5.8
18,Delta,CHS,CLT,ATL,311,1,5.87
19,Delta,CHS,CLT,ATL,311,1,6.33
20,Delta,CHS,CLT,ATL,317,1,6.83
21,Delta,CHS,CLT,ATL,317,1,6.87
22,Delta,CHS,CLT,ATL,317,1,7.83
23,American Airlines,CHS,CLT,DCA,319,1,4.67
24,American Airlines,CHS,CLT,ORD,322,1,6.57
25,United,CHS,CLT,ORD,322,1,8.18
26,American Airlines,CHS,CLT,MIA,329,1,6.97
27,American Airlines,CHS,CLT,MIA,334,1,8.9
28,JetBlue Airways,CHS,CLT,JFK,346,1,9.98
29,American Airlines,CHS,CLT,MIA,368,1,5.28
30,United,CHS,CLT,EWR,371,1,8.28
31,Delta,CHS,CLT,ATL,372,1,3.73
32,Delta,CHS,CLT,ATL,372,1,5.23
33,United,CHS,CLT,IAD,373,1,3.83
34,Delta,CHS,CLT,ATL,373,1,5.98
35,JetBlue Airways,CHS,CLT,BOS,379,1,6.82
36,JetBlue Airways,CHS,CLT,BOS,379,1,8.12
37,Delta,CHS,CLT,JFK,385,1,5.68
38,Delta,CHS,CLT,LGA,387,1,5.82
39,Delta,CHS,CLT,LGA,387,1,7.82
40,American Airlines,CHS,CLT,MIA,388,1,4.92
41,Delta,CHS,CLT,LGA,392,1,9.78
42,United,CHS,CLT,IAD,397,1,3.58
43,United,CHS,CLT,IAD,397,1,4.45
44,American Airlines,CHS,CLT,ZZZ,400,0,1.07
45,American Airlines,CHS,CLT,ZZZ,400,0,1.13
46,American Airlines,CHS,CLT,ZZZ,400,0,1.2
47,American Airlines,CHS,CLT,ZZZ,400,0,1.2
48,American Airlines,CHS,CLT,ZZZ,400,0,1.25
49,American Airlines,CHS,CLT,ZZZ,400,0,1.27
50,American Airlines,CHS,CLT,ZZZ,400,0,1.32
51,American Airlines,CHS,CLT,ZZZ,400,0,1.32
52,American Airlines,CHS,CLT,ZZZ,400,0,1.38
53,American Airlines,CHS,CLT,DCA,400,1,8.2
54,Delta,CHS,CLT,ATL,415,1,4.17
55,Delta,CHS,CLT,ATL,434,1,3.55
56,Delta,CHS,CLT,ATL,439,1,6.83
57,United,CHS,ORD,ZZZ,144,0,2.38
58,United,CHS,ORD,ZZZ,144,0,2.4
59,United,CHS,ORD,IAD,152,1,4.25
60,United,CHS,ORD,ZZZ,179,0,2.38
61,American Airlines,CHS,ORD,ZZZ,179,0,2.4
62,American Airlines,CHS,ORD,CLT,186,1,4.62
63,American Airlines,CHS,ORD,CLT,186,1,5.15
64,American Airlines,CHS,ORD,CLT,186,1,6.85
65,American Airlines,CHS,ORD,PHL,187,1,5.83
66,American Airlines,CHS,ORD,PHL,187,1,7.97
67,Delta,CHS,ORD,ATL,213,1,4.23
68,Delta,CHS,ORD,ATL,213,1,5.92
69,Delta,CHS,ORD,ATL,213,1,7.13
70,American Airlines,CHS,ORD,CLT,223,1,6.35
71,Delta,CHS,ORD,ATL,258,1,4.42
72,Delta,CHS,ORD,ATL,258,1,5.45
73,Delta,CHS,ORD,ATL,258,1,5.67
74,Delta,CHS,ORD,ATL,258,1,6.85
75,Delta,CHS,ORD,ATL,258,1,7.63
76,American Airlines,CHS,ORD,CLT,287,1,4.3
77,American Airlines,CHS,ORD,CLT,287,1,4.52
78,American Airlines,CHS,ORD,CLT,287,1,5.92
79,American Airlines,CHS,ORD,PHL,288,1,6.3
80,American Airlines,CHS,ORD,DFW,288,1,8.52
81,American Airlines,CHS,ORD,DFW,288,1,9.13
82,Delta,CHS,ORD,ATL,302,1,5.25
83,American Airlines,CHS,ORD,DFW,339,1,7.92
84,JetBlue Airways,CHS,ORD,JFK,346,1,9.08
85,American Airlines,CHS,ORD,CLT,357,1,4.15
86,American Airlines,CHS,ORD,CLT,357,1,4.38
87,American Airlines,CHS,ORD,CLT,357,1,4.47
88,American Airlines,CHS,ORD,CLT,357,1,5.38
89,American Airlines,CHS,ORD,CLT,357,1,5.87
90,American Airlines,CHS,ORD,CLT,357,1,5.88
91,JetBlue Airways,CHS,ORD,BOS,358,1,6.67
92,JetBlue Airways,CHS,ORD,BOS,358,1,7.97
93,American Airlines,CHS,ORD,PHL,358,1,6.32
94,American Airlines,CHS,ORD,PHL,358,1,7.83
95,Delta,CHS,ORD,ATL,385,1,3.98
96,Delta,CHS,ORD,ATL,385,1,4.02
97,Delta,CHS,ORD,ATL,385,1,4.5
98,Delta,CHS,ORD,ATL,385,1,4.88
99,Delta,CHS,ORD,ATL,385,1,5.82
100,Delta,CHS,ORD,ATL,385,1,7.05
101,JetBlue Airways,CHS,ORD,BOS,457,1,7.2
102,Delta,CHS,ORD,DTW,465,1,4.28
103,Delta,CHS,ORD,JFK,465,1,5.68
104,Delta,CHS,PHX,ATL,229,1,6.35
105,Delta,CHS,PHX,ATL,229,1,6.57
106,Delta,CHS,PHX,ATL,229,1,6.73
107,Delta,CHS,PHX,ATL,229,1,7.22
108,Delta,CHS,PHX,ATL,229,1,7.6
109,Delta,CHS,PHX,ATL,229,1,8.43
110,Delta,CHS,PHX,JFK,229,1,8.6
111,Delta,CHS,PHX,ATL,229,1,8.83
112,American Airlines,CHS,PHX,CLT,290,1,8.47
113,United,CHS,PHX,ORD,291,1,7.92
114,United,CHS,PHX,IAH,291,1,8.68
115,Frontier Airlines,CHS,PHX,DEN,312,1,7.0
116,United,CHS,PHX,IAH,317,1,8.97
117,Delta,CHS,PHX,ATL,319,1,6.52
118,Delta,CHS,PHX,ATL,319,1,6.6
119,Delta,CHS,PHX,ATL,319,1,7.52
120,Delta,CHS,PHX,ATL,319,1,8.28
121,Delta,CHS,PHX,ATL,319,1,8.52
122,Delta,CHS,PHX,DTW,319,1,9.37
123,American Airlines,CHS,PHX,CLT,331,1,6.63
124,JetBlue Airways,CHS,PHX,JFK,342,1,14.77
125,JetBlue Airways,CHS,PHX,BOS,366,1,8.97
126,JetBlue Airways,CHS,PHX,BOS,366,1,10.27
127,American Airlines,CHS,PHX,DFW,394,1,7.35
128,American Airlines,CHS,PHX,DFW,394,1,8.47
129,American Airlines,CHS,PHX,CLT,418,1,6.35
130,American Airlines,CHS,PHX,CLT,418,1,6.75
131,American Airlines,CHS,PHX,CLT,418,1,7.85
132,American Airlines,CHS,PHX,CLT,418,1,7.93
133,American Airlines,CHS,PHX,CLT,418,1,8.7
134,United,CHS,PHX,IAH,419,1,6.47
135,United,CHS,PHX,IAH,419,1,6.65
136,United,CHS,PHX,ORD,419,1,7.7
137,United,CHS,PHX,ORD,419,1,7.83
138,American Airlines,CHS,PHX,DFW,419,1,9.27
139,United,CHS,PHX,IAD,459,1,7.93
140,Alaska Airlines,CHS,PHX,SEA,582,1,10.5
141,American Airlines,CHS,PHX,CLT,"1,077",1,6.73
142,American Airlines,CHS,PHX,CLT,"1,077",1,8.25
143,American Airlines,CHS,PHX,CLT,"1,077",1,9.88
144,Frontier Airlines,CHS,DEN,ZZZ,179,0,3.7
145,American Airlines,CHS,DEN,CLT,223,1,5.7
146,American Airlines,CHS,DEN,CLT,223,1,6.5
147,American Airlines,CHS,DEN,CLT,223,1,8.2
148,Delta,CHS,DEN,ATL,239,1,6.48
149,Delta,CHS,DEN,ATL,239,1,7.38
150,Delta,CHS,DEN,ATL,239,1,7.48
151,Delta,CHS,DEN,ATL,239,1,7.58
152,Delta,CHS,DEN,ATL,239,1,8.07
153,United,CHS,DEN,ORD,264,1,8.72
154,American Airlines,CHS,DEN,CLT,288,1,6.0
155,American Airlines,CHS,DEN,CLT,288,1,6.83
156,American Airlines,CHS,DEN,CLT,288,1,7.6
157,United,CHS,DEN,IAH,307,1,6.08
158,Delta,CHS,DEN,ATL,307,1,6.38
159,Delta,CHS,DEN,ATL,307,1,6.43
160,United,CHS,DEN,ORD,307,1,6.45
161,Delta,CHS,DEN,ATL,307,1,6.47
162,United,CHS,DEN,ORD,307,1,6.88
163,United,CHS,DEN,ORD,307,1,7.72
164,American Airlines,CHS,DEN,CLT,348,1,6.58
165,American Airlines,CHS,DEN,CLT,348,1,6.63
166,American Airlines,CHS,DEN,CLT,348,1,8.08
167,JetBlue Airways,CHS,DEN,BOS,359,1,9.08
168,JetBlue Airways,CHS,DEN,BOS,359,1,10.38
169,American Airlines,CHS,DEN,DFW,370,1,6.32
170,Delta,CHS,DEN,ATL,399,1,5.0
171,Delta,CHS,DEN,ATL,399,1,5.38
172,Delta,CHS,DEN,ATL,399,1,5.9
173,Delta,CHS,DEN,ATL,399,1,6.0
174,United,CHS,DEN,IAD,399,1,6.38
175,Delta,CHS,DEN,ATL,399,1,7.07
176,Delta,CHS,DEN,ATL,399,1,8.0
177,United,CHS,DEN,IAD,426,1,7.63
178,United,CHS,DEN,IAH,435,1,6.53
179,United,CHS,DEN,EWR,435,1,7.65
180,United,CHS,DEN,EWR,435,1,9.17
181,United,CHS,DEN,IAD,517,1,6.13
182,Delta,CHS,DEN,ATL,597,1,6.75
183,Delta,CHS,ATL,ZZZ,179,0,1.15
184,Delta,CHS,ATL,ZZZ,179,0,1.18
185,Delta,CHS,ATL,ZZZ,179,0,1.2
186,Delta,CHS,ATL,ZZZ,179,0,1.2
187,Delta,CHS,ATL,ZZZ,179,0,1.22
188,Delta,CHS,ATL,ZZZ,179,0,1.33
189,Delta,CHS,ATL,ZZZ,179,0,1.33
190,Delta,CHS,ATL,ZZZ,179,0,1.4
191,Delta,CHS,ATL,ZZZ,179,0,1.42
192,American Airlines,CHS,ATL,CLT,186,1,3.23
193,American Airlines,CHS,ATL,CLT,186,1,3.77
194,American Airlines,CHS,ATL,CLT,186,1,4.35
195,American Airlines,CHS,ATL,CLT,186,1,4.7
196,American Airlines,CHS,ATL,CLT,186,1,5.47
197,American Airlines,CHS,ATL,CLT,186,1,5.6
198,American Airlines,CHS,ATL,CLT,186,1,6.05
199,United,CHS,ATL,ORD,214,1,7.57
200,American Airlines,CHS,ATL,CLT,224,1,3.6
201,American Airlines,CHS,ATL,CLT,224,1,5.1
202,American Airlines,CHS,ATL,CLT,224,1,5.27
203,JetBlue Airways,CHS,ATL,FLL,232,1,8.05
204,Delta,CHS,ATL,ZZZ,259,0,1.3
205,Delta,CHS,ATL,ZZZ,259,0,1.3
206,United,CHS,ATL,IAH,269,1,5.97
207,United,CHS,ATL,IAD,272,1,4.23
208,American Airlines,CHS,ATL,CLT,278,1,4.17
209,American Airlines,CHS,ATL,CLT,278,1,4.55
210,American Airlines,CHS,ATL,CLT,278,1,6.05
211,United,CHS,ATL,IAD,287,1,4.12
212,JetBlue Airways,CHS,ATL,JFK,296,1,7.03
213,JetBlue Airways,CHS,ATL,BOS,320,1,10.55
214,JetBlue Airways,CHS,ATL,BOS,320,1,11.85
215,United,CHS,ATL,EWR,342,1,9.73
216,American Airlines,CHS,ATL,CLT,355,1,4.9
217,American Airlines,CHS,ATL,CLT,355,1,6.52
218,JetBlue Airways,CHS,ATL,BOS,382,1,7.17
219,United,CHS,ATL,IAH,388,1,7.78
220,JetBlue Airways,CHS,ATL,JFK,416,1,5.27
221,United,CHS,ATL,IAH,428,1,5.83
222,American Airlines,CHS,ATL,CLT,506,1,3.67
223,United,CHS,EWR,ZZZ,182,0,2.0
224,United,CHS,EWR,ZZZ,194,0,2.0
225,United,CHS,EWR,ORD,202,1,7.83
226,American Airlines,CHS,EWR,CLT,222,1,6.82
227,United,CHS,EWR,ZZZ,243,0,2.0
228,United,CHS,EWR,IAD,251,1,4.08
229,United,CHS,EWR,ORD,276,1,5.07
230,United,CHS,EWR,ORD,276,1,6.42
231,American Airlines,CHS,EWR,CLT,294,1,3.85
232,American Airlines,CHS,EWR,CLT,294,1,3.87
233,American Airlines,CHS,EWR,CLT,294,1,4.23
234,American Airlines,CHS,EWR,CLT,294,1,4.75
235,American Airlines,CHS,EWR,CLT,294,1,4.87
236,American Airlines,CHS,EWR,CLT,294,1,4.98
237,American Airlines,CHS,EWR,CLT,294,1,5.35
238,American Airlines,CHS,EWR,CLT,294,1,5.63
239,American Airlines,CHS,EWR,CLT,294,1,6.45
240,United,CHS,EWR,IAD,295,1,3.7199999999999998
241,United,CHS,EWR,IAD,295,1,3.9
242,United,CHS,EWR,IAD,295,1,4.17
243,Delta,CHS,EWR,ATL,295,1,4.47
244,Delta,CHS,EWR,ATL,295,1,5.47
245,Delta,CHS,EWR,ATL,295,1,6.55
246,Delta,CHS,EWR,ATL,295,1,7.0
247,United,CHS,EWR,ORD,301,1,5.8
248,JetBlue Airways,CHS,EWR,FLL,308,1,6.63
249,United,CHS,EWR,ZZZ,314,0,2.25
250,JetBlue Airways,CHS,EWR,BOS,321,1,7.57
251,JetBlue Airways,CHS,EWR,BOS,327,1,8.87
252,United,CHS,EWR,ZZZ,346,0,2.23
253,American Airlines,CHS,EWR,CLT,353,1,4.0
254,American Airlines,CHS,EWR,CLT,353,1,4.65
255,American Airlines,CHS,EWR,CLT,353,1,5.62
256,American Airlines,CHS,EWR,CLT,353,1,7.12
257,Delta,CHS,EWR,ATL,354,1,4.0
258,Delta,CHS,EWR,ATL,354,1,4.87
259,Delta,CHS,EWR,ATL,354,1,5.0
260,Delta,CHS,EWR,ATL,354,1,5.07
261,Delta,CHS,EWR,ATL,354,1,5.48
262,Delta,CHS,EWR,ATL,354,1,5.68
263,Delta,CHS,EWR,ATL,354,1,6.0
264,Delta,CHS,EWR,ATL,354,1,6.68
265,Delta,CHS,EWR,ATL,354,1,6.73
266,Delta,CHS,EWR,ATL,354,1,6.93
267,Delta,CHS,EWR,DTW,431,1,5.02
268,Delta,CHS,EWR,ATL,431,1,5.33
269,Delta,CHS,LAS,ATL,167,1,7.23
270,Delta,CHS,LAS,ATL,167,1,7.75
271,Delta,CHS,LAS,ATL,167,1,8.97
272,American Airlines,CHS,LAS,CLT,182,1,9.23
273,American Airlines,CHS,LAS,CLT,215,1,7.35
274,American Airlines,CHS,LAS,CLT,215,1,7.4
275,American Airlines,CHS,LAS,CLT,215,1,7.62
276,American Airlines,CHS,LAS,CLT,215,1,9.32
277,Delta,CHS,LAS,ATL,229,1,6.23
278,Delta,CHS,LAS,ATL,229,1,8.28
279,United,CHS,LAS,IAH,246,1,7.5
280,United,CHS,LAS,ORD,246,1,8.18
281,Delta,CHS,LAS,ATL,264,1,7.23
282,American Airlines,CHS,LAS,DFW,304,1,9.4
283,Delta,CHS,LAS,ATL,319,1,6.6
284,Delta,CHS,LAS,ATL,319,1,8.05
285,JetBlue Airways,CHS,LAS,JFK,347,1,9.0
286,American Airlines,CHS,LAS,DFW,359,1,8.75
287,United,CHS,LAS,IAH,366,1,6.92
288,United,CHS,LAS,ORD,366,1,7.88
289,United,CHS,LAS,IAH,366,1,9.6
290,American Airlines,CHS,LAS,DFW,403,1,7.25
291,American Airlines,CHS,LAS,DFW,404,1,7.08
292,United,CHS,LAS,ORD,425,1,7.88
293,American Airlines,CHS,LAS,MIA,425,1,8.35
294,United,CHS,LAS,EWR,425,1,11.45
295,JetBlue Airways,CHS,LAS,BOS,429,1,9.5
296,JetBlue Airways,CHS,LAS,BOS,429,1,10.8
297,United,CHS,LAS,EWR,453,1,9.87
298,JetBlue Airways,CHS,LAS,JFK,456,1,8.42
299,United,CHS,LAS,IAD,464,1,7.42
300,United,CHS,LAS,IAD,489,1,7.3
301,Alaska Airlines,CHS,LAS,SEA,587,1,10.67
302,American Airlines,CHS,LAS,CLT,842,1,7.15
303,JetBlue Airways,CHS,JFK,ZZZ,154,0,2.23
304,Delta,CHS,JFK,ZZZ,174,0,2.18
305,JetBlue Airways,CHS,JFK,ZZZ,194,0,1.92
306,JetBlue Airways,CHS,JFK,ZZZ,194,0,2.18
307,American Airlines,CHS,JFK,CLT,228,1,3.82
308,American Airlines,CHS,JFK,CLT,228,1,5.15
309,American Airlines,CHS,JFK,CLT,228,1,5.92
310,Delta,CHS,JFK,ZZZ,243,0,1.9300000000000002
311,Delta,CHS,JFK,ZZZ,243,0,2.17
312,Delta,CHS,JFK,ATL,251,1,4.92
313,Delta,CHS,JFK,ATL,251,1,5.02
314,JetBlue Airways,CHS,JFK,ZZZ,314,0,2.0
315,American Airlines,CHS,JFK,CLT,321,1,3.9699999999999998
316,American Airlines,CHS,JFK,CLT,321,1,4.48
317,American Airlines,CHS,JFK,CLT,321,1,4.58
318,American Airlines,CHS,JFK,CLT,321,1,6.18
319,Delta,CHS,JFK,ATL,322,1,6.13
320,American Airlines,CHS,JFK,DCA,322,1,6.68
321,American Airlines,CHS,JFK,CLT,391,1,4.8
322,Delta,CHS,JFK,ATL,402,1,4.45
323,Delta,CHS,JFK,ATL,402,1,6.13
324,Delta,CHS,JFK,ATL,402,1,7.38
325,Delta,CHS,JFK,ATL,502,1,4.53
326,Delta,CHS,JFK,ATL,672,1,4.58
327,Delta,CHS,JFK,ATL,672,1,5.58
328,Delta,CHS,JFK,ATL,672,1,6.58
329,American Airlines,CHS,MIA,ZZZ,111,0,1.83
330,American Airlines,CHS,MIA,ZZZ,136,0,1.87
331,American Airlines,CHS,MIA,ZZZ,195,0,1.72
332,American Airlines,CHS,MIA,ZZZ,195,0,1.78
333,American Airlines,CHS,MIA,CLT,242,1,4.1
334,American Airlines,CHS,MIA,CLT,242,1,4.35
335,American Airlines,CHS,MIA,CLT,242,1,5.22
336,American Airlines,CHS,MIA,CLT,242,1,5.93
337,American Airlines,CHS,MIA,CLT,242,1,6.92
338,United,CHS,MIA,IAH,247,1,6.12
339,United,CHS,MIA,ORD,271,1,10.82
340,United,CHS,MIA,EWR,278,1,10.43
341,United,CHS,MIA,EWR,278,1,11.43
342,Delta,CHS,MIA,ATL,284,1,5.88
343,Delta,CHS,MIA,ATL,284,1,7.1
344,United,CHS,MIA,IAH,288,1,6.43
345,United,CHS,MIA,IAH,288,1,8.42
346,United,CHS,MIA,EWR,313,1,7.05
347,Delta,CHS,MIA,ATL,319,1,4.07
348,United,CHS,MIA,EWR,321,1,9.18
349,Delta,CHS,MIA,ATL,325,1,8.63
350,Delta,CHS,MIA,ATL,325,1,9.37
351,Delta,CHS,MIA,ATL,325,1,9.63
352,Delta,CHS,MIA,ATL,325,1,9.72
353,Delta,CHS,MIA,ATL,325,1,10.63
354,Delta,CHS,MIA,ATL,325,1,10.72
355,Delta,CHS,MIA,ATL,325,1,10.73
356,American Airlines,CHS,MIA,CLT,338,1,4.52
357,American Airlines,CHS,MIA,CLT,338,1,4.87
358,American Airlines,CHS,MIA,CLT,338,1,5.17
359,American Airlines,CHS,MIA,CLT,338,1,5.93
360,American Airlines,CHS,MIA,CLT,338,1,6.02
361,American Airlines,CHS,MIA,CLT,338,1,6.48
362,Delta,CHS,MIA,ATL,339,1,3.82
363,Delta,CHS,MIA,ATL,339,1,3.88
364,Delta,CHS,MIA,ATL,339,1,3.9
365,Delta,CHS,MIA,ATL,339,1,4.13
366,Delta,CHS,MIA,ATL,339,1,4.25
367,Delta,CHS,MIA,ATL,339,1,4.77
368,Delta,CHS,MIA,ATL,339,1,4.9
369,Delta,CHS,MIA,ATL,339,1,4.9
370,Delta,CHS,MIA,ATL,339,1,5.25
371,Delta,CHS,MIA,ATL,339,1,5.28
372,Delta,CHS,MIA,ATL,339,1,6.25
373,Delta,CHS,MIA,ATL,339,1,6.37
374,Delta,CHS,MIA,ATL,339,1,6.92
375,Delta,CHS,MIA,ATL,339,1,7.03
376,United,CHS,MIA,EWR,362,1,5.8
377,Delta,CHS,MIA,ATL,400,1,10.62
378,Delta,CHS,MIA,ATL,493,1,7.37
379,Delta,CHS,MIA,ATL,493,1,8.37
380,Delta,CHS,MIA,ATL,525,1,8.12
381,Delta,CHS,MIA,ATL,525,1,8.8
382,Delta,CHS,MIA,ATL,525,1,9.13
383,Delta,CHS,MIA,ATL,525,1,11.15
384,Delta,CHS,MIA,JFK,792,1,7.85
385,Frontier Airlines,CHS,TTN,ZZZ,134,0,1.8199999999999998
386,American Airlines,CHS,PHL,CLT,196,1,4.9
387,American Airlines,CHS,PHL,CLT,196,1,5.67
388,American Airlines,CHS,PHL,CLT,233,1,3.77
389,American Airlines,CHS,PHL,CLT,233,1,4.45
390,American Airlines,CHS,PHL,CLT,233,1,5.82
391,Delta,CHS,PHL,ATL,234,1,5.37
392,United,CHS,PHL,ORD,287,1,7.43
393,JetBlue Airways,CHS,PHL,BOS,300,1,8.98
394,JetBlue Airways,CHS,PHL,BOS,300,1,10.28
395,JetBlue Airways,CHS,PHL,BOS,307,1,4.72
396,JetBlue Airways,CHS,PHL,BOS,307,1,6.02
397,JetBlue Airways,CHS,PHL,BOS,307,1,6.58
398,United,CHS,PHL,ORD,322,1,8.2
399,American Airlines,CHS,PHL,CLT,327,1,3.98
400,American Airlines,CHS,PHL,CLT,327,1,4.03
401,American Airlines,CHS,PHL,CLT,327,1,5.18
402,American Airlines,CHS,PHL,CLT,327,1,6.15
403,American Airlines,CHS,PHL,CLT,327,1,6.68
404,Delta,CHS,PHL,ATL,328,1,5.13
405,Delta,CHS,PHL,ATL,328,1,6.58
406,Delta,CHS,PHL,ATL,328,1,6.75
407,JetBlue Airways,CHS,PHL,BOS,361,1,5.6
408,United,CHS,PHL,ORD,362,1,7.32
409,United,CHS,PHL,ORD,368,1,10.45
410,American Airlines,CHS,PHL,CLT,371,1,3.68
411,American Airlines,CHS,PHL,CLT,371,1,3.7199999999999998
412,Delta,CHS,PHL,ATL,372,1,5.52
413,Delta,CHS,PHL,ATL,372,1,5.55
414,Delta,CHS,PHL,ATL,372,1,6.8
415,United,CHS,ZFV,EWR,594,1,4.8
416,United,CHS,ZFV,EWR,594,1,5.03
417,United,CHS,ZFV,EWR,594,1,5.45
418,United,CHS,ZFV,EWR,594,1,5.6
419,United,CHS,ZFV,EWR,594,1,5.92
420,United,CHS,ZFV,EWR,594,1,6.28
421,American Airlines,CHS,PHL,ZZZ,620,0,1.85
422,American Airlines,CHS,PHL,ZZZ,620,0,1.9
423,American Airlines,CHS,PHL,ZZZ,620,0,1.9
424,American Airlines,CHS,PHL,ZZZ,620,0,2.07
425,American Airlines,CHS,PHL,ZZZ,620,0,2.07
426,American Airlines,CHS,PHL,CLT,627,1,3.73
427,Delta,CHS,PHL,ATL,628,1,4.0
428,Delta,CHS,PHL,ATL,628,1,4.03
429,Delta,CHS,PHL,ATL,628,1,4.07
430,Delta,CHS,PHL,ATL,628,1,4.33
431,Delta,CHS,PHL,ATL,628,1,4.52
432,Delta,CHS,PHL,ATL,628,1,4.75
433,Delta,CHS,PHL,ATL,628,1,5.63
434,Delta,CHS,PHL,ATL,628,1,5.75
435,Delta,CHS,PHL,ATL,628,1,5.75
436,Delta,CHS,PHL,ATL,628,1,6.63
437,Delta,CHS,PHL,ATL,628,1,6.88
438,American Airlines,CHS,DFW,ZZZ,188,0,2.83
439,American Airlines,CHS,DFW,ZZZ,188,0,2.88
440,United,CHS,DFW,IAH,233,1,5.32
441,United,CHS,DFW,ORD,233,1,6.3
442,American Airlines,CHS,DFW,ZZZ,241,0,2.8
443,American Airlines,CHS,DFW,ZZZ,241,0,2.8
444,Delta,CHS,DAL,ATL,249,1,4.83
445,Delta,CHS,DFW,ATL,249,1,5.92
446,American Airlines,CHS,DFW,CLT,301,1,4.72
447,American Airlines,CHS,DFW,CLT,301,1,5.4
448,American Airlines,CHS,DFW,CLT,301,1,6.55
449,Delta,CHS,DFW,ATL,302,1,4.48
450,Delta,CHS,DAL,ATL,302,1,4.55
451,Delta,CHS,DAL,ATL,302,1,4.6
452,Delta,CHS,DAL,ATL,302,1,4.85
453,Delta,CHS,DAL,ATL,302,1,5.55
454,Delta,CHS,DFW,ATL,302,1,5.73
455,Delta,CHS,DFW,ATL,302,1,5.88
456,Delta,CHS,DFW,ATL,302,1,5.98
457,Delta,CHS,DFW,ATL,302,1,6.0
458,Delta,CHS,DAL,ATL,302,1,6.05
459,Delta,CHS,DAL,ATL,302,1,6.07
460,Delta,CHS,DFW,ATL,302,1,6.52
461,Delta,CHS,DAL,ATL,302,1,6.55
462,Delta,CHS,DFW,ATL,302,1,6.98
463,Delta,CHS,DFW,ATL,302,1,7.13
464,Delta,CHS,DFW,ATL,302,1,7.77
465,American Airlines,CHS,DFW,CLT,344,1,7.98
466,Delta,CHS,DFW,ATL,345,1,4.32
467,Delta,CHS,DAL,ATL,345,1,4.38
468,Delta,CHS,DFW,ATL,345,1,4.98
469,United,CHS,DFW,IAH,411,1,5.35
470,United,CHS,DFW,IAD,411,1,5.58
471,United,CHS,DFW,ORD,411,1,6.13
472,United,CHS,DFW,IAD,422,1,6.23
473,American Airlines,CHS,DFW,CLT,431,1,4.87
474,American Airlines,CHS,DFW,CLT,431,1,6.35
475,American Airlines,CHS,DFW,CLT,431,1,6.48
476,American Airlines,CHS,DFW,CLT,431,1,7.97
477,Delta,CHS,DFW,ATL,433,1,4.38
478,Delta,CHS,DFW,ATL,433,1,4.53
479,United,CHS,DFW,EWR,442,1,9.6
480,United,CHS,DFW,ORD,515,1,5.53
481,United,CHS,DFW,IAD,553,1,5.88
482,Delta,CHS,DFW,LGA,554,1,7.75
483,Delta,CHS,SFO,ATL,239,1,7.83
484,Delta,CHS,SFO,ATL,239,1,9.05
485,Delta,CHS,SFO,ATL,239,1,9.58
486,United,CHS,SFO,IAH,301,1,8.42
487,United,CHS,SFO,IAD,301,1,10.92
488,Frontier Airlines,CHS,SFO,DEN,314,1,7.47
489,Delta,CHS,SFO,ATL,350,1,7.43
490,Delta,CHS,SFO,ATL,350,1,7.68
491,Delta,CHS,SFO,ATL,350,1,7.72
492,Delta,CHS,SFO,ATL,350,1,7.72
493,Delta,CHS,SFO,ATL,350,1,7.87
494,Delta,CHS,SFO,ATL,350,1,8.47
495,United,CHS,SFO,IAD,350,1,8.57
496,Delta,CHS,SFO,ATL,350,1,8.68
497,Delta,CHS,SFO,ATL,350,1,8.72
498,Delta,CHS,SFO,JFK,350,1,9.6
499,Delta,CHS,SFO,ATL,350,1,9.68
500,Delta,CHS,SFO,ATL,350,1,9.72
501,United,CHS,SFO,IAH,350,1,9.92
502,Delta,CHS,SFO,ATL,350,1,10.15
503,Delta,CHS,SFO,DTW,350,1,10.57
504,Delta,CHS,SFO,JFK,350,1,11.57
505,Delta,CHS,SFO,JFK,350,1,11.63
506,American Airlines,CHS,SFO,DFW,353,1,7.7
507,American Airlines,CHS,SFO,DFW,353,1,8.47
508,American Airlines,CHS,SFO,DFW,353,1,10.38
509,American Airlines,CHS,SFO,DFW,359,1,11.97
510,American Airlines,CHS,SFO,CLT,373,1,7.43
511,American Airlines,CHS,SFO,CLT,373,1,7.88
512,American Airlines,CHS,SFO,CLT,373,1,10.6
513,American Airlines,CHS,SFO,DFW,374,1,8.12
514,American Airlines,CHS,SFO,DFW,374,1,10.35
515,United,CHS,SFO,IAH,390,1,7.92
516,American Airlines,CHS,SFO,CLT,426,1,7.85
517,American Airlines,CHS,SFO,CLT,426,1,8.08
518,American Airlines,CHS,SFO,CLT,426,1,9.47
519,American Airlines,CHS,SFO,CLT,426,1,9.58
520,American Airlines,CHS,SFO,ORD,427,1,7.8
521,American Airlines,CHS,SFO,DFW,427,1,8.05
522,JetBlue Airways,CHS,SFO,JFK,497,1,15.6
523,United,CHS,SFO,EWR,501,1,8.92
524,United,CHS,SFO,EWR,501,1,9.6
525,United,CHS,SFO,EWR,501,1,10.4
526,United,CHS,SFO,EWR,501,1,11.32
527,United,CHS,SFO,EWR,501,1,11.57
528,United,CHS,SFO,IAD,507,1,9.52
529,JetBlue Airways,CHS,SFO,JFK,515,1,13.48
530,JetBlue Airways,CHS,SFO,BOS,524,1,11.0
531,JetBlue Airways,CHS,SFO,BOS,524,1,12.3
532,United,CHS,SFO,IAH,529,1,8.25
533,United,CHS,SFO,EWR,529,1,9.15
534,JetBlue Airways,CHS,SFO,BOS,530,1,14.28
535,JetBlue Airways,CHS,SFO,BOS,530,1,15.58
536,United,CHS,SFO,IAD,567,1,7.97
537,JetBlue Airways,CHS,SFO,BOS,592,1,10.9
538,Alaska Airlines,CHS,SFO,SEA,592,1,9.83
539,American Airlines,CHS,SFO,CLT,"1,037",1,7.65
540,United,CHS,IAH,ZZZ,178,0,2.83
541,United,CHS,IAH,IAD,186,1,5.42
542,United,CHS,IAH,ZZZ,199,0,2.83
543,American Airlines,CHS,IAH,CLT,235,1,7.7
544,Delta,CHS,IAH,ATL,236,1,4.85
545,Delta,CHS,IAH,ATL,236,1,5.83
546,American Airlines,CHS,IAH,DFW,236,1,7.25
547,United,CHS,IAH,ZZZ,258,0,2.83
548,American Airlines,CHS,IAH,CLT,265,1,5.03
549,American Airlines,CHS,IAH,CLT,265,1,5.8
550,American Airlines,CHS,IAH,CLT,265,1,7.07
551,American Airlines,CHS,IAH,DFW,266,1,5.3
552,Delta,CHS,IAH,ATL,266,1,7.05
553,United,CHS,IAH,IAD,307,1,5.75
554,American Airlines,CHS,IAH,DFW,322,1,7.05
555,American Airlines,CHS,IAH,CLT,345,1,4.67
556,American Airlines,CHS,IAH,CLT,345,1,4.73
557,American Airlines,CHS,IAH,CLT,345,1,4.75
558,American Airlines,CHS,IAH,CLT,345,1,5.23
559,American Airlines,CHS,IAH,CLT,345,1,5.45
560,American Airlines,CHS,IAH,CLT,345,1,6.17
561,American Airlines,CHS,IAH,CLT,345,1,7.13
562,Delta,CHS,IAH,ATL,347,1,4.07
563,Delta,CHS,IAH,ATL,347,1,4.45
564,Delta,CHS,IAH,ATL,347,1,4.47
565,Delta,CHS,IAH,ATL,347,1,4.6
566,American Airlines,CHS,IAH,DFW,347,1,5.05
567,American Airlines,CHS,IAH,MIA,347,1,5.6
568,Delta,CHS,IAH,ATL,347,1,5.72
569,Delta,CHS,IAH,ATL,347,1,6.13
570,Delta,CHS,IAH,ATL,347,1,6.2
571,Delta,CHS,IAH,ATL,347,1,7.2
572,Delta,CHS,IAH,ATL,347,1,7.42
573,Delta,CHS,IAH,ATL,394,1,4.2
574,Delta,CHS,IAH,ATL,394,1,5.73
575,United,CHS,IAH,IAD,394,1,5.73
576,United,CHS,IAH,IAD,394,1,5.97
577,American Airlines,CHS,IAH,CLT,473,1,6.77
578,Delta,CHS,IAH,LGA,515,1,7.07
579,American Airlines,CHS,DTW,CLT,182,1,4.28
580,American Airlines,CHS,DTW,CLT,182,1,4.28
581,American Airlines,CHS,DTW,CLT,182,1,5.05
582,United,CHS,DTW,ORD,187,1,6.98
583,American Airlines,CHS,DTW,CLT,225,1,4.1
584,American Airlines,CHS,DTW,CLT,225,1,5.93
585,American Airlines,CHS,DTW,CLT,225,1,5.98
586,Delta,CHS,DTW,ZZZ,249,0,2.02
587,Delta,CHS,DTW,ATL,257,1,3.7
588,Delta,CHS,DTW,ATL,257,1,3.93
589,Delta,CHS,DTW,ATL,257,1,5.82
590,Delta,CHS,DTW,ATL,257,1,6.15
591,Delta,CHS,DTW,ATL,257,1,7.03
592,American Airlines,CHS,DTW,DFW,311,1,9.22
593,American Airlines,CHS,DTW,CLT,317,1,3.63
594,American Airlines,CHS,DTW,PHL,318,1,6.0
595,American Airlines,CHS,DTW,CLT,352,1,3.85
596,American Airlines,CHS,DTW,CLT,352,1,5.35
597,JetBlue Airways,CHS,DTW,BOS,366,1,5.25
598,United,CHS,DTW,IAD,369,1,3.73
599,United,CHS,DTW,IAD,369,1,3.73
600,United,CHS,DTW,IAD,369,1,3.95
601,United,CHS,DTW,ORD,378,1,7.43
602,Delta,CHS,DTW,ZZZ,389,0,2.12
603,United,CHS,DTW,EWR,391,1,6.98
604,United,CHS,DTW,IAD,397,1,4.23
605,Delta,CHS,DTW,ATL,397,1,4.37
606,Delta,CHS,DTW,ATL,397,1,4.47
607,United,CHS,DTW,EWR,397,1,5.07
608,United,CHS,DTW,ORD,397,1,5.23
609,United,CHS,DTW,EWR,397,1,5.73
610,Delta,CHS,DTW,ATL,397,1,6.2
611,United,CHS,DTW,EWR,397,1,6.95
612,Delta,CHS,DTW,ATL,397,1,7.07
613,American Airlines,CHS,DTW,CLT,476,1,4.33
614,Delta,CHS,DTW,ATL,478,1,4.33
615,Delta,CHS,DTW,ATL,478,1,4.52
616,Delta,CHS,DTW,ATL,478,1,4.57
617,Delta,CHS,DTW,ATL,478,1,5.07
618,Delta,CHS,DTW,LGA,478,1,5.28
619,Delta,CHS,DTW,JFK,478,1,5.32
620,Delta,CHS,DTW,ATL,478,1,5.33
621,Delta,CHS,DTW,ATL,478,1,5.38
622,Delta,CHS,DTW,ATL,478,1,5.58
623,Delta,CHS,DTW,ATL,478,1,5.77
624,American Airlines,CHS,DTW,PHL,478,1,5.88
625,Delta,CHS,DTW,ATL,478,1,6.33
626,Delta,CHS,DTW,LGA,478,1,7.22
627,JetBlue Airways,CHS,DTW,BOS,500,1,5.4
628,Delta,CHS,LAX,ATL,239,1,6.67
629,Delta,CHS,LAX,ATL,239,1,6.85
630,Delta,CHS,LAX,ATL,239,1,6.95
631,Delta,CHS,LAX,ATL,239,1,7.85
632,Delta,CHS,LAX,ATL,239,1,9.0
633,Frontier Airlines,CHS,LAX,DEN,307,1,7.25
634,JetBlue Airways,CHS,LAX,JFK,332,1,15.75
635,United,CHS,LAX,IAD,333,1,8.08
636,JetBlue Airways,CHS,LAX,JFK,346,1,9.32
637,Delta,CHS,LAX,ATL,350,1,6.7
638,Delta,CHS,LAX,ATL,350,1,6.87
639,Delta,CHS,LAX,ATL,350,1,7.0
640,Delta,CHS,LAX,ATL,350,1,7.33
641,Delta,CHS,LAX,ATL,350,1,7.43
642,Delta,CHS,LAX,ATL,350,1,7.58
643,Delta,CHS,LAX,ATL,350,1,7.83
644,Delta,CHS,LAX,ATL,350,1,8.0
645,Delta,CHS,LAX,DTW,350,1,8.08
646,Delta,CHS,LAX,ATL,350,1,8.17
647,Delta,CHS,LAX,ATL,350,1,8.33
648,Delta,CHS,LAX,ATL,350,1,8.38
649,Delta,CHS,LAX,ATL,350,1,8.47
650,Delta,CHS,LAX,JFK,350,1,8.73
651,Delta,CHS,LAX,ATL,350,1,8.83
652,Delta,CHS,LAX,ATL,350,1,8.9
653,Delta,CHS,LAX,ATL,350,1,9.17
654,Delta,CHS,LAX,JFK,350,1,9.27
655,Delta,CHS,LAX,ATL,350,1,9.33
656,Delta,CHS,LAX,JFK,350,1,9.42
657,Delta,CHS,LAX,ATL,350,1,9.47
658,Delta,CHS,LAX,ATL,350,1,9.52
659,Delta,CHS,LAX,ATL,350,1,9.98
660,Delta,CHS,LAX,ATL,350,1,9.98
661,Delta,CHS,LAX,DTW,350,1,10.57
662,Delta,CHS,LAX,JFK,350,1,10.58
663,Delta,CHS,LAX,JFK,350,1,11.33
664,JetBlue Airways,CHS,LAX,FLL,373,1,9.05
665,United,CHS,LAX,IAD,390,1,7.73
666,United,CHS,LAX,ORD,390,1,8.93
667,United,CHS,LAX,IAD,390,1,9.23
668,JetBlue Airways,CHS,LAX,JFK,416,1,9.3
669,JetBlue Airways,CHS,LAX,JFK,422,1,15.7
670,American Airlines,CHS,LAX,CLT,427,1,7.58
671,American Airlines,CHS,LAX,CLT,427,1,7.63
672,American Airlines,CHS,LAX,CLT,427,1,7.78
673,American Airlines,CHS,LAX,CLT,427,1,7.98
674,American Airlines,CHS,LAX,CLT,427,1,8.47
675,American Airlines,CHS,LAX,CLT,427,1,9.2
676,American Airlines,CHS,LAX,CLT,427,1,9.28
677,American Airlines,CHS,LAX,CLT,427,1,9.82
678,American Airlines,CHS,LAX,CLT,427,1,10.05
679,United,CHS,LAX,IAH,428,1,7.33
680,United,CHS,LAX,ORD,450,1,8.27
681,United,CHS,LAX,ORD,450,1,8.27
682,United,CHS,LAX,EWR,479,1,9.58
683,United,CHS,LAX,EWR,479,1,10.58
684,United,CHS,LAX,IAD,481,1,8.38
685,Frontier Airlines,CHS,SEA,DEN,293,1,7.63
686,Delta,CHS,SEA,ATL,350,1,8.62
687,United,CHS,SEA,IAH,350,1,8.82
688,Delta,CHS,SEA,ATL,350,1,9.83
689,American Airlines,CHS,SEA,DFW,350,1,10.53
690,American Airlines,CHS,SEA,DFW,374,1,9.32
691,American Airlines,CHS,SEA,CLT,378,1,7.52
692,American Airlines,CHS,SEA,DFW,379,1,8.4
693,American Airlines,CHS,SEA,MIA,379,1,12.3
694,Delta,CHS,SEA,ATL,390,1,7.35
695,Delta,CHS,SEA,ATL,390,1,7.48
696,Delta,CHS,SEA,ATL,390,1,8.23
697,Delta,CHS,SEA,ATL,390,1,8.48
698,United,CHS,SEA,ORD,390,1,8.65
699,Delta,CHS,SEA,ATL,390,1,8.95
700,Delta,CHS,SEA,ATL,390,1,9.02
701,Delta,CHS,SEA,ATL,390,1,9.48
702,Delta,CHS,SEA,ATL,390,1,9.95
703,Delta,CHS,SEA,ATL,390,1,10.27
704,JetBlue Airways,CHS,SEA,JFK,443,1,14.55
705,American Airlines,CHS,SEA,DFW,465,1,8.53
706,United,CHS,SEA,IAD,475,1,7.82
707,United,CHS,SEA,IAD,475,1,8.4
708,Alaska Airlines,CHS,SEA,ZZZ,499,0,5.92
709,United,CHS,SEA,IAD,507,1,8.23
710,United,CHS,SEA,ORD,507,1,8.48
711,United,CHS,SEA,IAH,507,1,8.82
712,United,CHS,SEA,IAH,507,1,8.9
713,Delta,CHS,SEA,ATL,529,1,7.52
714,Delta,CHS,SEA,ATL,529,1,9.2
715,Delta,CHS,SEA,DTW,529,1,10.02
716,American Airlines,CHS,SEA,CLT,535,1,7.85
717,American Airlines,CHS,SEA,CLT,535,1,8.17
718,American Airlines,CHS,SEA,CLT,535,1,9.78
719,JetBlue Airways,CHS,SEA,JFK,563,1,12.78
720,JetBlue Airways,CHS,SEA,BOS,604,1,11.6
721,JetBlue Airways,CHS,SEA,BOS,610,1,12.9
722,American Airlines,CHS,BOS,PHL,163,1,5.63
723,American Airlines,CHS,BOS,CLT,206,1,5.15
724,American Airlines,CHS,BOS,DCA,207,1,3.62
725,United,CHS,BOS,IAD,207,1,4.35
726,JetBlue Airways,CHS,BOS,ZZZ,232,0,2.23
727,JetBlue Airways,CHS,BOS,ZZZ,232,0,2.3
728,JetBlue Airways,CHS,BOS,JFK,236,1,10.93
729,JetBlue Airways,CHS,BOS,DCA,241,1,3.48
730,JetBlue Airways,CHS,BOS,DCA,241,1,6.52
731,JetBlue Airways,CHS,BOS,JFK,243,1,4.27
732,American Airlines,CHS,BOS,CLT,256,1,4.37
733,American Airlines,CHS,BOS,CLT,256,1,6.2
734,American Airlines,CHS,BOS,CLT,256,1,6.85
735,Delta,CHS,BOS,ATL,257,1,4.48
736,American Airlines,CHS,BOS,PHL,257,1,5.0
737,Delta,CHS,BOS,ATL,257,1,5.85
738,Delta,CHS,BOS,ATL,257,1,5.9
739,JetBlue Airways,CHS,BOS,DCA,259,1,7.77
740,JetBlue Airways,CHS,BOS,DCA,268,1,7.07
741,American Airlines,CHS,BOS,DCA,299,1,4.8
742,JetBlue Airways,CHS,BOS,ZZZ,299,0,2.37
743,United,CHS,BOS,IAD,307,1,3.83
744,United,CHS,BOS,IAD,307,1,4.02
745,American Airlines,CHS,BOS,CLT,326,1,4.08
746,American Airlines,CHS,BOS,CLT,326,1,4.3
747,American Airlines,CHS,BOS,CLT,326,1,4.4
748,American Airlines,CHS,BOS,CLT,326,1,4.6
749,American Airlines,CHS,BOS,PHL,327,1,4.45
750,American Airlines,CHS,BOS,PHL,327,1,4.7
751,Delta,CHS,BOS,ZZZ,337,0,2.48
752,United,CHS,BOS,IAD,345,1,3.77
753,United,CHS,BOS,EWR,345,1,4.17
754,United,CHS,BOS,EWR,345,1,4.48
755,Delta,CHS,BOS,ATL,345,1,4.75
756,Delta,CHS,BOS,LGA,345,1,4.82
757,Delta,CHS,BOS,LGA,345,1,4.82
758,Delta,CHS,BOS,JFK,345,1,5.3
759,Delta,CHS,BOS,JFK,345,1,5.52
760,United,CHS,BOS,EWR,345,1,6.13
761,United,CHS,BOS,ORD,345,1,6.18
762,United,CHS,BOS,EWR,345,1,6.73
763,Delta,CHS,BOS,LGA,345,1,6.9
764,United,CHS,BOS,EWR,365,1,7.98
765,United,CHS,BOS,EWR,365,1,8.73
766,United,CHS,BOS,EWR,365,1,10.15
767,United,CHS,BOS,EWR,365,1,11.07
768,American Airlines,CHS,BOS,DCA,373,1,3.95
769,United,CHS,BOS,IAD,377,1,8.25
770,Delta,CHS,BOS,ATL,395,1,6.48
771,Delta,CHS,BOS,ATL,395,1,7.57
772,United,CHS,BOS,EWR,444,1,8.9
773,American Airlines,CHS,BOS,CLT,452,1,4.58
774,American Airlines,CHS,BOS,CLT,452,1,5.4
775,American Airlines,CHS,BOS,CLT,452,1,6.28
776,Delta,CHS,BOS,ATL,453,1,4.88
777,Delta,CHS,BOS,ATL,453,1,5.05
778,Delta,CHS,BOS,ATL,453,1,5.97
779,Delta,CHS,BOS,ATL,455,1,9.62
780,Delta,CHS,BOS,ATL,485,1,8.02
781,Delta,CHS,BOS,ATL,585,1,8.53
782,Delta,CHS,BOS,ATL,585,1,8.57
783,Delta,CHS,BOS,ATL,600,1,5.08
784,Delta,CHS,BOS,ATL,600,1,6.33
785,Delta,CHS,BOS,ATL,600,1,6.93
786,Delta,CHS,BOS,ATL,600,1,7.32
787,Delta,CHS,BOS,JFK,640,1,9.87
