,Unnamed: 0,Unnamed: 0.1,airline,departure,destination,layover,price,stops,travelTime,airlineDode,departureCode,destinationCode,layoverCode
0,0,0,American Airlines,CHS,CLT,DCA,240,1,10.88,72.0,27.0,9.0,81.0
1,1,1,American Airlines,CHS,CLT,LGA,264,1,7.28,72.0,27.0,9.0,7.0
2,2,2,United,CHS,CLT,IAD,264,1,3.72,39.0,27.0,9.0,11.0
3,3,3,United,CHS,CLT,ORD,287,1,7.77,39.0,27.0,9.0,5.0
4,4,4,United,CHS,CLT,ORD,287,1,7.9,39.0,27.0,9.0,5.0
5,5,5,Delta,CHS,CLT,JFK,296,1,6.08,62.0,27.0,9.0,56.0
6,6,6,Delta,CHS,CLT,JFK,302,1,6.77,62.0,27.0,9.0,56.0
7,7,7,Delta,CHS,CLT,JFK,302,1,10.43,62.0,27.0,9.0,56.0
8,8,8,Delta,CHS,CLT,ATL,311,1,3.32,62.0,27.0,9.0,88.0
9,9,9,Delta,CHS,CLT,ATL,311,1,3.43,62.0,27.0,9.0,88.0
10,10,10,Delta,CHS,CLT,ATL,311,1,3.5,62.0,27.0,9.0,88.0
11,11,11,Delta,CHS,CLT,ATL,311,1,3.8,62.0,27.0,9.0,88.0
12,12,12,Delta,CHS,CLT,ATL,311,1,3.87,62.0,27.0,9.0,88.0
13,13,13,Delta,CHS,CLT,ATL,311,1,4.77,62.0,27.0,9.0,88.0
14,14,14,Delta,CHS,CLT,ATL,311,1,4.8,62.0,27.0,9.0,88.0
15,15,15,Delta,CHS,CLT,ATL,311,1,4.87,62.0,27.0,9.0,88.0
16,16,16,Delta,CHS,CLT,ATL,311,1,5.33,62.0,27.0,9.0,88.0
17,17,17,Delta,CHS,CLT,ATL,311,1,5.8,62.0,27.0,9.0,88.0
18,18,18,Delta,CHS,CLT,ATL,311,1,5.87,62.0,27.0,9.0,88.0
19,19,19,Delta,CHS,CLT,ATL,311,1,6.33,62.0,27.0,9.0,88.0
20,20,20,Delta,CHS,CLT,ATL,317,1,6.83,62.0,27.0,9.0,88.0
21,21,21,Delta,CHS,CLT,ATL,317,1,6.87,62.0,27.0,9.0,88.0
22,22,22,Delta,CHS,CLT,ATL,317,1,7.83,62.0,27.0,9.0,88.0
23,23,23,American Airlines,CHS,CLT,DCA,319,1,4.67,72.0,27.0,9.0,81.0
24,24,24,American Airlines,CHS,CLT,ORD,322,1,6.57,72.0,27.0,9.0,5.0
25,25,25,United,CHS,CLT,ORD,322,1,8.18,39.0,27.0,9.0,5.0
26,26,26,American Airlines,CHS,CLT,MIA,329,1,6.97,72.0,27.0,9.0,62.0
27,27,27,American Airlines,CHS,CLT,MIA,334,1,8.9,72.0,27.0,9.0,62.0
28,28,28,JetBlue Airways,CHS,CLT,JFK,346,1,9.98,32.0,27.0,9.0,56.0
29,29,29,American Airlines,CHS,CLT,MIA,368,1,5.28,72.0,27.0,9.0,62.0
30,30,30,United,CHS,CLT,EWR,371,1,8.28,39.0,27.0,9.0,9.0
31,31,31,Delta,CHS,CLT,ATL,372,1,3.73,62.0,27.0,9.0,88.0
32,32,32,Delta,CHS,CLT,ATL,372,1,5.23,62.0,27.0,9.0,88.0
33,33,33,United,CHS,CLT,IAD,373,1,3.83,39.0,27.0,9.0,11.0
34,34,34,Delta,CHS,CLT,ATL,373,1,5.98,62.0,27.0,9.0,88.0
35,35,35,JetBlue Airways,CHS,CLT,BOS,379,1,6.82,32.0,27.0,9.0,96.0
36,36,36,JetBlue Airways,CHS,CLT,BOS,379,1,8.12,32.0,27.0,9.0,96.0
37,37,37,Delta,CHS,CLT,JFK,385,1,5.68,62.0,27.0,9.0,56.0
38,38,38,Delta,CHS,CLT,LGA,387,1,5.82,62.0,27.0,9.0,7.0
39,39,39,Delta,CHS,CLT,LGA,387,1,7.82,62.0,27.0,9.0,7.0
40,40,40,American Airlines,CHS,CLT,MIA,388,1,4.92,72.0,27.0,9.0,62.0
41,41,41,Delta,CHS,CLT,LGA,392,1,9.78,62.0,27.0,9.0,7.0
42,42,42,United,CHS,CLT,IAD,397,1,3.58,39.0,27.0,9.0,11.0
43,43,43,United,CHS,CLT,IAD,397,1,4.45,39.0,27.0,9.0,11.0
44,44,44,American Airlines,CHS,CLT,ZZZ,400,0,1.07,72.0,27.0,9.0,53.0
45,45,45,American Airlines,CHS,CLT,ZZZ,400,0,1.13,72.0,27.0,9.0,53.0
46,46,46,American Airlines,CHS,CLT,ZZZ,400,0,1.2,72.0,27.0,9.0,53.0
47,47,47,American Airlines,CHS,CLT,ZZZ,400,0,1.2,72.0,27.0,9.0,53.0
48,48,48,American Airlines,CHS,CLT,ZZZ,400,0,1.25,72.0,27.0,9.0,53.0
49,49,49,American Airlines,CHS,CLT,ZZZ,400,0,1.27,72.0,27.0,9.0,53.0
50,50,50,American Airlines,CHS,CLT,ZZZ,400,0,1.32,72.0,27.0,9.0,53.0
51,51,51,American Airlines,CHS,CLT,ZZZ,400,0,1.32,72.0,27.0,9.0,53.0
52,52,52,American Airlines,CHS,CLT,ZZZ,400,0,1.38,72.0,27.0,9.0,53.0
53,53,53,American Airlines,CHS,CLT,DCA,400,1,8.2,72.0,27.0,9.0,81.0
54,54,54,Delta,CHS,CLT,ATL,415,1,4.17,62.0,27.0,9.0,88.0
55,55,55,Delta,CHS,CLT,ATL,434,1,3.55,62.0,27.0,9.0,88.0
56,56,56,Delta,CHS,CLT,ATL,439,1,6.83,62.0,27.0,9.0,88.0
57,57,57,United,CHS,ORD,ZZZ,144,0,2.38,39.0,27.0,5.0,53.0
58,58,58,United,CHS,ORD,ZZZ,144,0,2.4,39.0,27.0,5.0,53.0
59,59,59,United,CHS,ORD,IAD,152,1,4.25,39.0,27.0,5.0,11.0
60,60,60,United,CHS,ORD,ZZZ,179,0,2.38,39.0,27.0,5.0,53.0
61,61,61,American Airlines,CHS,ORD,ZZZ,179,0,2.4,72.0,27.0,5.0,53.0
62,62,62,American Airlines,CHS,ORD,CLT,186,1,4.62,72.0,27.0,5.0,9.0
63,63,63,American Airlines,CHS,ORD,CLT,186,1,5.15,72.0,27.0,5.0,9.0
64,64,64,American Airlines,CHS,ORD,CLT,186,1,6.85,72.0,27.0,5.0,9.0
65,65,65,American Airlines,CHS,ORD,PHL,187,1,5.83,72.0,27.0,5.0,44.0
66,66,66,American Airlines,CHS,ORD,PHL,187,1,7.97,72.0,27.0,5.0,44.0
67,67,67,Delta,CHS,ORD,ATL,213,1,4.23,62.0,27.0,5.0,88.0
68,68,68,Delta,CHS,ORD,ATL,213,1,5.92,62.0,27.0,5.0,88.0
69,69,69,Delta,CHS,ORD,ATL,213,1,7.13,62.0,27.0,5.0,88.0
70,70,70,American Airlines,CHS,ORD,CLT,223,1,6.35,72.0,27.0,5.0,9.0
71,71,71,Delta,CHS,ORD,ATL,258,1,4.42,62.0,27.0,5.0,88.0
72,72,72,Delta,CHS,ORD,ATL,258,1,5.45,62.0,27.0,5.0,88.0
73,73,73,Delta,CHS,ORD,ATL,258,1,5.67,62.0,27.0,5.0,88.0
74,74,74,Delta,CHS,ORD,ATL,258,1,6.85,62.0,27.0,5.0,88.0
75,75,75,Delta,CHS,ORD,ATL,258,1,7.63,62.0,27.0,5.0,88.0
76,76,76,American Airlines,CHS,ORD,CLT,287,1,4.3,72.0,27.0,5.0,9.0
77,77,77,American Airlines,CHS,ORD,CLT,287,1,4.52,72.0,27.0,5.0,9.0
78,78,78,American Airlines,CHS,ORD,CLT,287,1,5.92,72.0,27.0,5.0,9.0
79,79,79,American Airlines,CHS,ORD,PHL,288,1,6.3,72.0,27.0,5.0,44.0
80,80,80,American Airlines,CHS,ORD,DFW,288,1,8.52,72.0,27.0,5.0,23.0
81,81,81,American Airlines,CHS,ORD,DFW,288,1,9.13,72.0,27.0,5.0,23.0
82,82,82,Delta,CHS,ORD,ATL,302,1,5.25,62.0,27.0,5.0,88.0
83,83,83,American Airlines,CHS,ORD,DFW,339,1,7.92,72.0,27.0,5.0,23.0
84,84,84,JetBlue Airways,CHS,ORD,JFK,346,1,9.08,32.0,27.0,5.0,56.0
85,85,85,American Airlines,CHS,ORD,CLT,357,1,4.15,72.0,27.0,5.0,9.0
86,86,86,American Airlines,CHS,ORD,CLT,357,1,4.38,72.0,27.0,5.0,9.0
87,87,87,American Airlines,CHS,ORD,CLT,357,1,4.47,72.0,27.0,5.0,9.0
88,88,88,American Airlines,CHS,ORD,CLT,357,1,5.38,72.0,27.0,5.0,9.0
89,89,89,American Airlines,CHS,ORD,CLT,357,1,5.87,72.0,27.0,5.0,9.0
90,90,90,American Airlines,CHS,ORD,CLT,357,1,5.88,72.0,27.0,5.0,9.0
91,91,91,JetBlue Airways,CHS,ORD,BOS,358,1,6.67,32.0,27.0,5.0,96.0
92,92,92,JetBlue Airways,CHS,ORD,BOS,358,1,7.97,32.0,27.0,5.0,96.0
93,93,93,American Airlines,CHS,ORD,PHL,358,1,6.32,72.0,27.0,5.0,44.0
94,94,94,American Airlines,CHS,ORD,PHL,358,1,7.83,72.0,27.0,5.0,44.0
95,95,95,Delta,CHS,ORD,ATL,385,1,3.98,62.0,27.0,5.0,88.0
96,96,96,Delta,CHS,ORD,ATL,385,1,4.02,62.0,27.0,5.0,88.0
97,97,97,Delta,CHS,ORD,ATL,385,1,4.5,62.0,27.0,5.0,88.0
98,98,98,Delta,CHS,ORD,ATL,385,1,4.88,62.0,27.0,5.0,88.0
99,99,99,Delta,CHS,ORD,ATL,385,1,5.82,62.0,27.0,5.0,88.0
100,100,100,Delta,CHS,ORD,ATL,385,1,7.05,62.0,27.0,5.0,88.0
101,101,101,JetBlue Airways,CHS,ORD,BOS,457,1,7.2,32.0,27.0,5.0,96.0
102,102,102,Delta,CHS,ORD,DTW,465,1,4.28,62.0,27.0,5.0,50.0
103,103,103,Delta,CHS,ORD,JFK,465,1,5.68,62.0,27.0,5.0,56.0
104,104,104,Delta,CHS,PHX,ATL,229,1,6.35,62.0,27.0,71.0,88.0
105,105,105,Delta,CHS,PHX,ATL,229,1,6.57,62.0,27.0,71.0,88.0
106,106,106,Delta,CHS,PHX,ATL,229,1,6.73,62.0,27.0,71.0,88.0
107,107,107,Delta,CHS,PHX,ATL,229,1,7.22,62.0,27.0,71.0,88.0
108,108,108,Delta,CHS,PHX,ATL,229,1,7.6,62.0,27.0,71.0,88.0
109,109,109,Delta,CHS,PHX,ATL,229,1,8.43,62.0,27.0,71.0,88.0
110,110,110,Delta,CHS,PHX,JFK,229,1,8.6,62.0,27.0,71.0,56.0
111,111,111,Delta,CHS,PHX,ATL,229,1,8.83,62.0,27.0,71.0,88.0
112,112,112,American Airlines,CHS,PHX,CLT,290,1,8.47,72.0,27.0,71.0,9.0
113,113,113,United,CHS,PHX,ORD,291,1,7.92,39.0,27.0,71.0,5.0
114,114,114,United,CHS,PHX,IAH,291,1,8.68,39.0,27.0,71.0,63.0
115,115,115,Frontier Airlines,CHS,PHX,DEN,312,1,7.0,79.0,27.0,71.0,60.0
116,116,116,United,CHS,PHX,IAH,317,1,8.97,39.0,27.0,71.0,63.0
117,117,117,Delta,CHS,PHX,ATL,319,1,6.52,62.0,27.0,71.0,88.0
118,118,118,Delta,CHS,PHX,ATL,319,1,6.6,62.0,27.0,71.0,88.0
119,119,119,Delta,CHS,PHX,ATL,319,1,7.52,62.0,27.0,71.0,88.0
120,120,120,Delta,CHS,PHX,ATL,319,1,8.28,62.0,27.0,71.0,88.0
121,121,121,Delta,CHS,PHX,ATL,319,1,8.52,62.0,27.0,71.0,88.0
122,122,122,Delta,CHS,PHX,DTW,319,1,9.37,62.0,27.0,71.0,50.0
123,123,123,American Airlines,CHS,PHX,CLT,331,1,6.63,72.0,27.0,71.0,9.0
124,124,124,JetBlue Airways,CHS,PHX,JFK,342,1,14.77,32.0,27.0,71.0,56.0
125,125,125,JetBlue Airways,CHS,PHX,BOS,366,1,8.97,32.0,27.0,71.0,96.0
126,126,126,JetBlue Airways,CHS,PHX,BOS,366,1,10.27,32.0,27.0,71.0,96.0
127,127,127,American Airlines,CHS,PHX,DFW,394,1,7.35,72.0,27.0,71.0,23.0
128,128,128,American Airlines,CHS,PHX,DFW,394,1,8.47,72.0,27.0,71.0,23.0
129,129,129,American Airlines,CHS,PHX,CLT,418,1,6.35,72.0,27.0,71.0,9.0
130,130,130,American Airlines,CHS,PHX,CLT,418,1,6.75,72.0,27.0,71.0,9.0
131,131,131,American Airlines,CHS,PHX,CLT,418,1,7.85,72.0,27.0,71.0,9.0
132,132,132,American Airlines,CHS,PHX,CLT,418,1,7.93,72.0,27.0,71.0,9.0
133,133,133,American Airlines,CHS,PHX,CLT,418,1,8.7,72.0,27.0,71.0,9.0
134,134,134,United,CHS,PHX,IAH,419,1,6.47,39.0,27.0,71.0,63.0
135,135,135,United,CHS,PHX,IAH,419,1,6.65,39.0,27.0,71.0,63.0
136,136,136,United,CHS,PHX,ORD,419,1,7.7,39.0,27.0,71.0,5.0
137,137,137,United,CHS,PHX,ORD,419,1,7.83,39.0,27.0,71.0,5.0
138,138,138,American Airlines,CHS,PHX,DFW,419,1,9.27,72.0,27.0,71.0,23.0
139,139,139,United,CHS,PHX,IAD,459,1,7.93,39.0,27.0,71.0,11.0
140,140,140,Alaska Airlines,CHS,PHX,SEA,582,1,10.5,84.0,27.0,71.0,1.0
141,141,141,American Airlines,CHS,PHX,CLT,"1,077",1,6.73,72.0,27.0,71.0,9.0
142,142,142,American Airlines,CHS,PHX,CLT,"1,077",1,8.25,72.0,27.0,71.0,9.0
143,143,143,American Airlines,CHS,PHX,CLT,"1,077",1,9.88,72.0,27.0,71.0,9.0
144,144,144,Frontier Airlines,CHS,DEN,ZZZ,179,0,3.7,79.0,27.0,60.0,53.0
145,145,145,American Airlines,CHS,DEN,CLT,223,1,5.7,72.0,27.0,60.0,9.0
146,146,146,American Airlines,CHS,DEN,CLT,223,1,6.5,72.0,27.0,60.0,9.0
147,147,147,American Airlines,CHS,DEN,CLT,223,1,8.2,72.0,27.0,60.0,9.0
148,148,148,Delta,CHS,DEN,ATL,239,1,6.48,62.0,27.0,60.0,88.0
149,149,149,Delta,CHS,DEN,ATL,239,1,7.38,62.0,27.0,60.0,88.0
150,150,150,Delta,CHS,DEN,ATL,239,1,7.48,62.0,27.0,60.0,88.0
151,151,151,Delta,CHS,DEN,ATL,239,1,7.58,62.0,27.0,60.0,88.0
152,152,152,Delta,CHS,DEN,ATL,239,1,8.07,62.0,27.0,60.0,88.0
153,153,153,United,CHS,DEN,ORD,264,1,8.72,39.0,27.0,60.0,5.0
154,154,154,American Airlines,CHS,DEN,CLT,288,1,6.0,72.0,27.0,60.0,9.0
155,155,155,American Airlines,CHS,DEN,CLT,288,1,6.83,72.0,27.0,60.0,9.0
156,156,156,American Airlines,CHS,DEN,CLT,288,1,7.6,72.0,27.0,60.0,9.0
157,157,157,United,CHS,DEN,IAH,307,1,6.08,39.0,27.0,60.0,63.0
158,158,158,Delta,CHS,DEN,ATL,307,1,6.38,62.0,27.0,60.0,88.0
159,159,159,Delta,CHS,DEN,ATL,307,1,6.43,62.0,27.0,60.0,88.0
160,160,160,United,CHS,DEN,ORD,307,1,6.45,39.0,27.0,60.0,5.0
161,161,161,Delta,CHS,DEN,ATL,307,1,6.47,62.0,27.0,60.0,88.0
162,162,162,United,CHS,DEN,ORD,307,1,6.88,39.0,27.0,60.0,5.0
163,163,163,United,CHS,DEN,ORD,307,1,7.72,39.0,27.0,60.0,5.0
164,164,164,American Airlines,CHS,DEN,CLT,348,1,6.58,72.0,27.0,60.0,9.0
165,165,165,American Airlines,CHS,DEN,CLT,348,1,6.63,72.0,27.0,60.0,9.0
166,166,166,American Airlines,CHS,DEN,CLT,348,1,8.08,72.0,27.0,60.0,9.0
167,167,167,JetBlue Airways,CHS,DEN,BOS,359,1,9.08,32.0,27.0,60.0,96.0
168,168,168,JetBlue Airways,CHS,DEN,BOS,359,1,10.38,32.0,27.0,60.0,96.0
169,169,169,American Airlines,CHS,DEN,DFW,370,1,6.32,72.0,27.0,60.0,23.0
170,170,170,Delta,CHS,DEN,ATL,399,1,5.0,62.0,27.0,60.0,88.0
171,171,171,Delta,CHS,DEN,ATL,399,1,5.38,62.0,27.0,60.0,88.0
172,172,172,Delta,CHS,DEN,ATL,399,1,5.9,62.0,27.0,60.0,88.0
173,173,173,Delta,CHS,DEN,ATL,399,1,6.0,62.0,27.0,60.0,88.0
174,174,174,United,CHS,DEN,IAD,399,1,6.38,39.0,27.0,60.0,11.0
175,175,175,Delta,CHS,DEN,ATL,399,1,7.07,62.0,27.0,60.0,88.0
176,176,176,Delta,CHS,DEN,ATL,399,1,8.0,62.0,27.0,60.0,88.0
177,177,177,United,CHS,DEN,IAD,426,1,7.63,39.0,27.0,60.0,11.0
178,178,178,United,CHS,DEN,IAH,435,1,6.53,39.0,27.0,60.0,63.0
179,179,179,United,CHS,DEN,EWR,435,1,7.65,39.0,27.0,60.0,9.0
180,180,180,United,CHS,DEN,EWR,435,1,9.17,39.0,27.0,60.0,9.0
181,181,181,United,CHS,DEN,IAD,517,1,6.13,39.0,27.0,60.0,11.0
182,182,182,Delta,CHS,DEN,ATL,597,1,6.75,62.0,27.0,60.0,88.0
183,183,183,Delta,CHS,ATL,ZZZ,179,0,1.15,62.0,27.0,88.0,53.0
184,184,184,Delta,CHS,ATL,ZZZ,179,0,1.18,62.0,27.0,88.0,53.0
185,185,185,Delta,CHS,ATL,ZZZ,179,0,1.2,62.0,27.0,88.0,53.0
186,186,186,Delta,CHS,ATL,ZZZ,179,0,1.2,62.0,27.0,88.0,53.0
187,187,187,Delta,CHS,ATL,ZZZ,179,0,1.22,62.0,27.0,88.0,53.0
188,188,188,Delta,CHS,ATL,ZZZ,179,0,1.33,62.0,27.0,88.0,53.0
189,189,189,Delta,CHS,ATL,ZZZ,179,0,1.33,62.0,27.0,88.0,53.0
190,190,190,Delta,CHS,ATL,ZZZ,179,0,1.4,62.0,27.0,88.0,53.0
191,191,191,Delta,CHS,ATL,ZZZ,179,0,1.42,62.0,27.0,88.0,53.0
192,192,192,American Airlines,CHS,ATL,CLT,186,1,3.23,72.0,27.0,88.0,9.0
193,193,193,American Airlines,CHS,ATL,CLT,186,1,3.77,72.0,27.0,88.0,9.0
194,194,194,American Airlines,CHS,ATL,CLT,186,1,4.35,72.0,27.0,88.0,9.0
195,195,195,American Airlines,CHS,ATL,CLT,186,1,4.7,72.0,27.0,88.0,9.0
196,196,196,American Airlines,CHS,ATL,CLT,186,1,5.47,72.0,27.0,88.0,9.0
197,197,197,American Airlines,CHS,ATL,CLT,186,1,5.6,72.0,27.0,88.0,9.0
198,198,198,American Airlines,CHS,ATL,CLT,186,1,6.05,72.0,27.0,88.0,9.0
199,199,199,United,CHS,ATL,ORD,214,1,7.57,39.0,27.0,88.0,5.0
200,200,200,American Airlines,CHS,ATL,CLT,224,1,3.6,72.0,27.0,88.0,9.0
201,201,201,American Airlines,CHS,ATL,CLT,224,1,5.1,72.0,27.0,88.0,9.0
202,202,202,American Airlines,CHS,ATL,CLT,224,1,5.27,72.0,27.0,88.0,9.0
203,203,203,JetBlue Airways,CHS,ATL,FLL,232,1,8.05,32.0,27.0,88.0,73.0
204,204,204,Delta,CHS,ATL,ZZZ,259,0,1.3,62.0,27.0,88.0,53.0
205,205,205,Delta,CHS,ATL,ZZZ,259,0,1.3,62.0,27.0,88.0,53.0
206,206,206,United,CHS,ATL,IAH,269,1,5.97,39.0,27.0,88.0,63.0
207,207,207,United,CHS,ATL,IAD,272,1,4.23,39.0,27.0,88.0,11.0
208,208,208,American Airlines,CHS,ATL,CLT,278,1,4.17,72.0,27.0,88.0,9.0
209,209,209,American Airlines,CHS,ATL,CLT,278,1,4.55,72.0,27.0,88.0,9.0
210,210,210,American Airlines,CHS,ATL,CLT,278,1,6.05,72.0,27.0,88.0,9.0
211,211,211,United,CHS,ATL,IAD,287,1,4.12,39.0,27.0,88.0,11.0
212,212,212,JetBlue Airways,CHS,ATL,JFK,296,1,7.03,32.0,27.0,88.0,56.0
213,213,213,JetBlue Airways,CHS,ATL,BOS,320,1,10.55,32.0,27.0,88.0,96.0
214,214,214,JetBlue Airways,CHS,ATL,BOS,320,1,11.85,32.0,27.0,88.0,96.0
215,215,215,United,CHS,ATL,EWR,342,1,9.73,39.0,27.0,88.0,9.0
216,216,216,American Airlines,CHS,ATL,CLT,355,1,4.9,72.0,27.0,88.0,9.0
217,217,217,American Airlines,CHS,ATL,CLT,355,1,6.52,72.0,27.0,88.0,9.0
218,218,218,JetBlue Airways,CHS,ATL,BOS,382,1,7.17,32.0,27.0,88.0,96.0
219,219,219,United,CHS,ATL,IAH,388,1,7.78,39.0,27.0,88.0,63.0
220,220,220,JetBlue Airways,CHS,ATL,JFK,416,1,5.27,32.0,27.0,88.0,56.0
221,221,221,United,CHS,ATL,IAH,428,1,5.83,39.0,27.0,88.0,63.0
222,222,222,American Airlines,CHS,ATL,CLT,506,1,3.67,72.0,27.0,88.0,9.0
223,223,223,United,CHS,EWR,ZZZ,182,0,2.0,39.0,27.0,9.0,53.0
224,224,224,United,CHS,EWR,ZZZ,194,0,2.0,39.0,27.0,9.0,53.0
225,225,225,United,CHS,EWR,ORD,202,1,7.83,39.0,27.0,9.0,5.0
226,226,226,American Airlines,CHS,EWR,CLT,222,1,6.82,72.0,27.0,9.0,9.0
227,227,227,United,CHS,EWR,ZZZ,243,0,2.0,39.0,27.0,9.0,53.0
228,228,228,United,CHS,EWR,IAD,251,1,4.08,39.0,27.0,9.0,11.0
229,229,229,United,CHS,EWR,ORD,276,1,5.07,39.0,27.0,9.0,5.0
230,230,230,United,CHS,EWR,ORD,276,1,6.42,39.0,27.0,9.0,5.0
231,231,231,American Airlines,CHS,EWR,CLT,294,1,3.85,72.0,27.0,9.0,9.0
232,232,232,American Airlines,CHS,EWR,CLT,294,1,3.87,72.0,27.0,9.0,9.0
233,233,233,American Airlines,CHS,EWR,CLT,294,1,4.23,72.0,27.0,9.0,9.0
234,234,234,American Airlines,CHS,EWR,CLT,294,1,4.75,72.0,27.0,9.0,9.0
235,235,235,American Airlines,CHS,EWR,CLT,294,1,4.87,72.0,27.0,9.0,9.0
236,236,236,American Airlines,CHS,EWR,CLT,294,1,4.98,72.0,27.0,9.0,9.0
237,237,237,American Airlines,CHS,EWR,CLT,294,1,5.35,72.0,27.0,9.0,9.0
238,238,238,American Airlines,CHS,EWR,CLT,294,1,5.63,72.0,27.0,9.0,9.0
239,239,239,American Airlines,CHS,EWR,CLT,294,1,6.45,72.0,27.0,9.0,9.0
240,240,240,United,CHS,EWR,IAD,295,1,3.72,39.0,27.0,9.0,11.0
241,241,241,United,CHS,EWR,IAD,295,1,3.9,39.0,27.0,9.0,11.0
242,242,242,United,CHS,EWR,IAD,295,1,4.17,39.0,27.0,9.0,11.0
243,243,243,Delta,CHS,EWR,ATL,295,1,4.47,62.0,27.0,9.0,88.0
244,244,244,Delta,CHS,EWR,ATL,295,1,5.47,62.0,27.0,9.0,88.0
245,245,245,Delta,CHS,EWR,ATL,295,1,6.55,62.0,27.0,9.0,88.0
246,246,246,Delta,CHS,EWR,ATL,295,1,7.0,62.0,27.0,9.0,88.0
247,247,247,United,CHS,EWR,ORD,301,1,5.8,39.0,27.0,9.0,5.0
248,248,248,JetBlue Airways,CHS,EWR,FLL,308,1,6.63,32.0,27.0,9.0,73.0
249,249,249,United,CHS,EWR,ZZZ,314,0,2.25,39.0,27.0,9.0,53.0
250,250,250,JetBlue Airways,CHS,EWR,BOS,321,1,7.57,32.0,27.0,9.0,96.0
251,251,251,JetBlue Airways,CHS,EWR,BOS,327,1,8.87,32.0,27.0,9.0,96.0
252,252,252,United,CHS,EWR,ZZZ,346,0,2.23,39.0,27.0,9.0,53.0
253,253,253,American Airlines,CHS,EWR,CLT,353,1,4.0,72.0,27.0,9.0,9.0
254,254,254,American Airlines,CHS,EWR,CLT,353,1,4.65,72.0,27.0,9.0,9.0
255,255,255,American Airlines,CHS,EWR,CLT,353,1,5.62,72.0,27.0,9.0,9.0
256,256,256,American Airlines,CHS,EWR,CLT,353,1,7.12,72.0,27.0,9.0,9.0
257,257,257,Delta,CHS,EWR,ATL,354,1,4.0,62.0,27.0,9.0,88.0
258,258,258,Delta,CHS,EWR,ATL,354,1,4.87,62.0,27.0,9.0,88.0
259,259,259,Delta,CHS,EWR,ATL,354,1,5.0,62.0,27.0,9.0,88.0
260,260,260,Delta,CHS,EWR,ATL,354,1,5.07,62.0,27.0,9.0,88.0
261,261,261,Delta,CHS,EWR,ATL,354,1,5.48,62.0,27.0,9.0,88.0
262,262,262,Delta,CHS,EWR,ATL,354,1,5.68,62.0,27.0,9.0,88.0
263,263,263,Delta,CHS,EWR,ATL,354,1,6.0,62.0,27.0,9.0,88.0
264,264,264,Delta,CHS,EWR,ATL,354,1,6.68,62.0,27.0,9.0,88.0
265,265,265,Delta,CHS,EWR,ATL,354,1,6.73,62.0,27.0,9.0,88.0
266,266,266,Delta,CHS,EWR,ATL,354,1,6.93,62.0,27.0,9.0,88.0
267,267,267,Delta,CHS,EWR,DTW,431,1,5.02,62.0,27.0,9.0,50.0
268,268,268,Delta,CHS,EWR,ATL,431,1,5.33,62.0,27.0,9.0,88.0
269,269,269,Delta,CHS,LAS,ATL,167,1,7.23,62.0,27.0,23.0,88.0
270,270,270,Delta,CHS,LAS,ATL,167,1,7.75,62.0,27.0,23.0,88.0
271,271,271,Delta,CHS,LAS,ATL,167,1,8.97,62.0,27.0,23.0,88.0
272,272,272,American Airlines,CHS,LAS,CLT,182,1,9.23,72.0,27.0,23.0,9.0
273,273,273,American Airlines,CHS,LAS,CLT,215,1,7.35,72.0,27.0,23.0,9.0
274,274,274,American Airlines,CHS,LAS,CLT,215,1,7.4,72.0,27.0,23.0,9.0
275,275,275,American Airlines,CHS,LAS,CLT,215,1,7.62,72.0,27.0,23.0,9.0
276,276,276,American Airlines,CHS,LAS,CLT,215,1,9.32,72.0,27.0,23.0,9.0
277,277,277,Delta,CHS,LAS,ATL,229,1,6.23,62.0,27.0,23.0,88.0
278,278,278,Delta,CHS,LAS,ATL,229,1,8.28,62.0,27.0,23.0,88.0
279,279,279,United,CHS,LAS,IAH,246,1,7.5,39.0,27.0,23.0,63.0
280,280,280,United,CHS,LAS,ORD,246,1,8.18,39.0,27.0,23.0,5.0
281,281,281,Delta,CHS,LAS,ATL,264,1,7.23,62.0,27.0,23.0,88.0
282,282,282,American Airlines,CHS,LAS,DFW,304,1,9.4,72.0,27.0,23.0,23.0
283,283,283,Delta,CHS,LAS,ATL,319,1,6.6,62.0,27.0,23.0,88.0
284,284,284,Delta,CHS,LAS,ATL,319,1,8.05,62.0,27.0,23.0,88.0
285,285,285,JetBlue Airways,CHS,LAS,JFK,347,1,9.0,32.0,27.0,23.0,56.0
286,286,286,American Airlines,CHS,LAS,DFW,359,1,8.75,72.0,27.0,23.0,23.0
287,287,287,United,CHS,LAS,IAH,366,1,6.92,39.0,27.0,23.0,63.0
288,288,288,United,CHS,LAS,ORD,366,1,7.88,39.0,27.0,23.0,5.0
289,289,289,United,CHS,LAS,IAH,366,1,9.6,39.0,27.0,23.0,63.0
290,290,290,American Airlines,CHS,LAS,DFW,403,1,7.25,72.0,27.0,23.0,23.0
291,291,291,American Airlines,CHS,LAS,DFW,404,1,7.08,72.0,27.0,23.0,23.0
292,292,292,United,CHS,LAS,ORD,425,1,7.88,39.0,27.0,23.0,5.0
293,293,293,American Airlines,CHS,LAS,MIA,425,1,8.35,72.0,27.0,23.0,62.0
294,294,294,United,CHS,LAS,EWR,425,1,11.45,39.0,27.0,23.0,9.0
295,295,295,JetBlue Airways,CHS,LAS,BOS,429,1,9.5,32.0,27.0,23.0,96.0
296,296,296,JetBlue Airways,CHS,LAS,BOS,429,1,10.8,32.0,27.0,23.0,96.0
297,297,297,United,CHS,LAS,EWR,453,1,9.87,39.0,27.0,23.0,9.0
298,298,298,JetBlue Airways,CHS,LAS,JFK,456,1,8.42,32.0,27.0,23.0,56.0
299,299,299,United,CHS,LAS,IAD,464,1,7.42,39.0,27.0,23.0,11.0
300,300,300,United,CHS,LAS,IAD,489,1,7.3,39.0,27.0,23.0,11.0
301,301,301,Alaska Airlines,CHS,LAS,SEA,587,1,10.67,84.0,27.0,23.0,1.0
302,302,302,American Airlines,CHS,LAS,CLT,842,1,7.15,72.0,27.0,23.0,9.0
303,303,303,JetBlue Airways,CHS,JFK,ZZZ,154,0,2.23,32.0,27.0,56.0,53.0
304,304,304,Delta,CHS,JFK,ZZZ,174,0,2.18,62.0,27.0,56.0,53.0
305,305,305,JetBlue Airways,CHS,JFK,ZZZ,194,0,1.92,32.0,27.0,56.0,53.0
306,306,306,JetBlue Airways,CHS,JFK,ZZZ,194,0,2.18,32.0,27.0,56.0,53.0
307,307,307,American Airlines,CHS,JFK,CLT,228,1,3.82,72.0,27.0,56.0,9.0
308,308,308,American Airlines,CHS,JFK,CLT,228,1,5.15,72.0,27.0,56.0,9.0
309,309,309,American Airlines,CHS,JFK,CLT,228,1,5.92,72.0,27.0,56.0,9.0
310,310,310,Delta,CHS,JFK,ZZZ,243,0,1.93,62.0,27.0,56.0,53.0
311,311,311,Delta,CHS,JFK,ZZZ,243,0,2.17,62.0,27.0,56.0,53.0
312,312,312,Delta,CHS,JFK,ATL,251,1,4.92,62.0,27.0,56.0,88.0
313,313,313,Delta,CHS,JFK,ATL,251,1,5.02,62.0,27.0,56.0,88.0
314,314,314,JetBlue Airways,CHS,JFK,ZZZ,314,0,2.0,32.0,27.0,56.0,53.0
315,315,315,American Airlines,CHS,JFK,CLT,321,1,3.97,72.0,27.0,56.0,9.0
316,316,316,American Airlines,CHS,JFK,CLT,321,1,4.48,72.0,27.0,56.0,9.0
317,317,317,American Airlines,CHS,JFK,CLT,321,1,4.58,72.0,27.0,56.0,9.0
318,318,318,American Airlines,CHS,JFK,CLT,321,1,6.18,72.0,27.0,56.0,9.0
319,319,319,Delta,CHS,JFK,ATL,322,1,6.13,62.0,27.0,56.0,88.0
320,320,320,American Airlines,CHS,JFK,DCA,322,1,6.68,72.0,27.0,56.0,81.0
321,321,321,American Airlines,CHS,JFK,CLT,391,1,4.8,72.0,27.0,56.0,9.0
322,322,322,Delta,CHS,JFK,ATL,402,1,4.45,62.0,27.0,56.0,88.0
323,323,323,Delta,CHS,JFK,ATL,402,1,6.13,62.0,27.0,56.0,88.0
324,324,324,Delta,CHS,JFK,ATL,402,1,7.38,62.0,27.0,56.0,88.0
325,325,325,Delta,CHS,JFK,ATL,502,1,4.53,62.0,27.0,56.0,88.0
326,326,326,Delta,CHS,JFK,ATL,672,1,4.58,62.0,27.0,56.0,88.0
327,327,327,Delta,CHS,JFK,ATL,672,1,5.58,62.0,27.0,56.0,88.0
328,328,328,Delta,CHS,JFK,ATL,672,1,6.58,62.0,27.0,56.0,88.0
329,329,329,American Airlines,CHS,MIA,ZZZ,111,0,1.83,72.0,27.0,62.0,53.0
330,330,330,American Airlines,CHS,MIA,ZZZ,136,0,1.87,72.0,27.0,62.0,53.0
331,331,331,American Airlines,CHS,MIA,ZZZ,195,0,1.72,72.0,27.0,62.0,53.0
332,332,332,American Airlines,CHS,MIA,ZZZ,195,0,1.78,72.0,27.0,62.0,53.0
333,333,333,American Airlines,CHS,MIA,CLT,242,1,4.1,72.0,27.0,62.0,9.0
334,334,334,American Airlines,CHS,MIA,CLT,242,1,4.35,72.0,27.0,62.0,9.0
335,335,335,American Airlines,CHS,MIA,CLT,242,1,5.22,72.0,27.0,62.0,9.0
336,336,336,American Airlines,CHS,MIA,CLT,242,1,5.93,72.0,27.0,62.0,9.0
337,337,337,American Airlines,CHS,MIA,CLT,242,1,6.92,72.0,27.0,62.0,9.0
338,338,338,United,CHS,MIA,IAH,247,1,6.12,39.0,27.0,62.0,63.0
339,339,339,United,CHS,MIA,ORD,271,1,10.82,39.0,27.0,62.0,5.0
340,340,340,United,CHS,MIA,EWR,278,1,10.43,39.0,27.0,62.0,9.0
341,341,341,United,CHS,MIA,EWR,278,1,11.43,39.0,27.0,62.0,9.0
342,342,342,Delta,CHS,MIA,ATL,284,1,5.88,62.0,27.0,62.0,88.0
343,343,343,Delta,CHS,MIA,ATL,284,1,7.1,62.0,27.0,62.0,88.0
344,344,344,United,CHS,MIA,IAH,288,1,6.43,39.0,27.0,62.0,63.0
345,345,345,United,CHS,MIA,IAH,288,1,8.42,39.0,27.0,62.0,63.0
346,346,346,United,CHS,MIA,EWR,313,1,7.05,39.0,27.0,62.0,9.0
347,347,347,Delta,CHS,MIA,ATL,319,1,4.07,62.0,27.0,62.0,88.0
348,348,348,United,CHS,MIA,EWR,321,1,9.18,39.0,27.0,62.0,9.0
349,349,349,Delta,CHS,MIA,ATL,325,1,8.63,62.0,27.0,62.0,88.0
350,350,350,Delta,CHS,MIA,ATL,325,1,9.37,62.0,27.0,62.0,88.0
351,351,351,Delta,CHS,MIA,ATL,325,1,9.63,62.0,27.0,62.0,88.0
352,352,352,Delta,CHS,MIA,ATL,325,1,9.72,62.0,27.0,62.0,88.0
353,353,353,Delta,CHS,MIA,ATL,325,1,10.63,62.0,27.0,62.0,88.0
354,354,354,Delta,CHS,MIA,ATL,325,1,10.72,62.0,27.0,62.0,88.0
355,355,355,Delta,CHS,MIA,ATL,325,1,10.73,62.0,27.0,62.0,88.0
356,356,356,American Airlines,CHS,MIA,CLT,338,1,4.52,72.0,27.0,62.0,9.0
357,357,357,American Airlines,CHS,MIA,CLT,338,1,4.87,72.0,27.0,62.0,9.0
358,358,358,American Airlines,CHS,MIA,CLT,338,1,5.17,72.0,27.0,62.0,9.0
359,359,359,American Airlines,CHS,MIA,CLT,338,1,5.93,72.0,27.0,62.0,9.0
360,360,360,American Airlines,CHS,MIA,CLT,338,1,6.02,72.0,27.0,62.0,9.0
361,361,361,American Airlines,CHS,MIA,CLT,338,1,6.48,72.0,27.0,62.0,9.0
362,362,362,Delta,CHS,MIA,ATL,339,1,3.82,62.0,27.0,62.0,88.0
363,363,363,Delta,CHS,MIA,ATL,339,1,3.88,62.0,27.0,62.0,88.0
364,364,364,Delta,CHS,MIA,ATL,339,1,3.9,62.0,27.0,62.0,88.0
365,365,365,Delta,CHS,MIA,ATL,339,1,4.13,62.0,27.0,62.0,88.0
366,366,366,Delta,CHS,MIA,ATL,339,1,4.25,62.0,27.0,62.0,88.0
367,367,367,Delta,CHS,MIA,ATL,339,1,4.77,62.0,27.0,62.0,88.0
368,368,368,Delta,CHS,MIA,ATL,339,1,4.9,62.0,27.0,62.0,88.0
369,369,369,Delta,CHS,MIA,ATL,339,1,4.9,62.0,27.0,62.0,88.0
370,370,370,Delta,CHS,MIA,ATL,339,1,5.25,62.0,27.0,62.0,88.0
371,371,371,Delta,CHS,MIA,ATL,339,1,5.28,62.0,27.0,62.0,88.0
372,372,372,Delta,CHS,MIA,ATL,339,1,6.25,62.0,27.0,62.0,88.0
373,373,373,Delta,CHS,MIA,ATL,339,1,6.37,62.0,27.0,62.0,88.0
374,374,374,Delta,CHS,MIA,ATL,339,1,6.92,62.0,27.0,62.0,88.0
375,375,375,Delta,CHS,MIA,ATL,339,1,7.03,62.0,27.0,62.0,88.0
376,376,376,United,CHS,MIA,EWR,362,1,5.8,39.0,27.0,62.0,9.0
377,377,377,Delta,CHS,MIA,ATL,400,1,10.62,62.0,27.0,62.0,88.0
378,378,378,Delta,CHS,MIA,ATL,493,1,7.37,62.0,27.0,62.0,88.0
379,379,379,Delta,CHS,MIA,ATL,493,1,8.37,62.0,27.0,62.0,88.0
380,380,380,Delta,CHS,MIA,ATL,525,1,8.12,62.0,27.0,62.0,88.0
381,381,381,Delta,CHS,MIA,ATL,525,1,8.8,62.0,27.0,62.0,88.0
382,382,382,Delta,CHS,MIA,ATL,525,1,9.13,62.0,27.0,62.0,88.0
383,383,383,Delta,CHS,MIA,ATL,525,1,11.15,62.0,27.0,62.0,88.0
384,384,384,Delta,CHS,MIA,JFK,792,1,7.85,62.0,27.0,62.0,56.0
385,385,385,Frontier Airlines,CHS,TTN,ZZZ,134,0,1.82,79.0,27.0,71.0,53.0
386,386,386,American Airlines,CHS,PHL,CLT,196,1,4.9,72.0,27.0,44.0,9.0
387,387,387,American Airlines,CHS,PHL,CLT,196,1,5.67,72.0,27.0,44.0,9.0
388,388,388,American Airlines,CHS,PHL,CLT,233,1,3.77,72.0,27.0,44.0,9.0
389,389,389,American Airlines,CHS,PHL,CLT,233,1,4.45,72.0,27.0,44.0,9.0
390,390,390,American Airlines,CHS,PHL,CLT,233,1,5.82,72.0,27.0,44.0,9.0
391,391,391,Delta,CHS,PHL,ATL,234,1,5.37,62.0,27.0,44.0,88.0
392,392,392,United,CHS,PHL,ORD,287,1,7.43,39.0,27.0,44.0,5.0
393,393,393,JetBlue Airways,CHS,PHL,BOS,300,1,8.98,32.0,27.0,44.0,96.0
394,394,394,JetBlue Airways,CHS,PHL,BOS,300,1,10.28,32.0,27.0,44.0,96.0
395,395,395,JetBlue Airways,CHS,PHL,BOS,307,1,4.72,32.0,27.0,44.0,96.0
396,396,396,JetBlue Airways,CHS,PHL,BOS,307,1,6.02,32.0,27.0,44.0,96.0
397,397,397,JetBlue Airways,CHS,PHL,BOS,307,1,6.58,32.0,27.0,44.0,96.0
398,398,398,United,CHS,PHL,ORD,322,1,8.2,39.0,27.0,44.0,5.0
399,399,399,American Airlines,CHS,PHL,CLT,327,1,3.98,72.0,27.0,44.0,9.0
400,400,400,American Airlines,CHS,PHL,CLT,327,1,4.03,72.0,27.0,44.0,9.0
401,401,401,American Airlines,CHS,PHL,CLT,327,1,5.18,72.0,27.0,44.0,9.0
402,402,402,American Airlines,CHS,PHL,CLT,327,1,6.15,72.0,27.0,44.0,9.0
403,403,403,American Airlines,CHS,PHL,CLT,327,1,6.68,72.0,27.0,44.0,9.0
404,404,404,Delta,CHS,PHL,ATL,328,1,5.13,62.0,27.0,44.0,88.0
405,405,405,Delta,CHS,PHL,ATL,328,1,6.58,62.0,27.0,44.0,88.0
406,406,406,Delta,CHS,PHL,ATL,328,1,6.75,62.0,27.0,44.0,88.0
407,407,407,JetBlue Airways,CHS,PHL,BOS,361,1,5.6,32.0,27.0,44.0,96.0
408,408,408,United,CHS,PHL,ORD,362,1,7.32,39.0,27.0,44.0,5.0
409,409,409,United,CHS,PHL,ORD,368,1,10.45,39.0,27.0,44.0,5.0
410,410,410,American Airlines,CHS,PHL,CLT,371,1,3.68,72.0,27.0,44.0,9.0
411,411,411,American Airlines,CHS,PHL,CLT,371,1,3.72,72.0,27.0,44.0,9.0
412,412,412,Delta,CHS,PHL,ATL,372,1,5.52,62.0,27.0,44.0,88.0
413,413,413,Delta,CHS,PHL,ATL,372,1,5.55,62.0,27.0,44.0,88.0
414,414,414,Delta,CHS,PHL,ATL,372,1,6.8,62.0,27.0,44.0,88.0
415,415,415,United,CHS,ZFV,EWR,594,1,4.8,39.0,27.0,68.0,9.0
416,416,416,United,CHS,ZFV,EWR,594,1,5.03,39.0,27.0,68.0,9.0
417,417,417,United,CHS,ZFV,EWR,594,1,5.45,39.0,27.0,68.0,9.0
418,418,418,United,CHS,ZFV,EWR,594,1,5.6,39.0,27.0,68.0,9.0
419,419,419,United,CHS,ZFV,EWR,594,1,5.92,39.0,27.0,68.0,9.0
420,420,420,United,CHS,ZFV,EWR,594,1,6.28,39.0,27.0,68.0,9.0
421,421,421,American Airlines,CHS,PHL,ZZZ,620,0,1.85,72.0,27.0,44.0,53.0
422,422,422,American Airlines,CHS,PHL,ZZZ,620,0,1.9,72.0,27.0,44.0,53.0
423,423,423,American Airlines,CHS,PHL,ZZZ,620,0,1.9,72.0,27.0,44.0,53.0
424,424,424,American Airlines,CHS,PHL,ZZZ,620,0,2.07,72.0,27.0,44.0,53.0
425,425,425,American Airlines,CHS,PHL,ZZZ,620,0,2.07,72.0,27.0,44.0,53.0
426,426,426,American Airlines,CHS,PHL,CLT,627,1,3.73,72.0,27.0,44.0,9.0
427,427,427,Delta,CHS,PHL,ATL,628,1,4.0,62.0,27.0,44.0,88.0
428,428,428,Delta,CHS,PHL,ATL,628,1,4.03,62.0,27.0,44.0,88.0
429,429,429,Delta,CHS,PHL,ATL,628,1,4.07,62.0,27.0,44.0,88.0
430,430,430,Delta,CHS,PHL,ATL,628,1,4.33,62.0,27.0,44.0,88.0
431,431,431,Delta,CHS,PHL,ATL,628,1,4.52,62.0,27.0,44.0,88.0
432,432,432,Delta,CHS,PHL,ATL,628,1,4.75,62.0,27.0,44.0,88.0
433,433,433,Delta,CHS,PHL,ATL,628,1,5.63,62.0,27.0,44.0,88.0
434,434,434,Delta,CHS,PHL,ATL,628,1,5.75,62.0,27.0,44.0,88.0
435,435,435,Delta,CHS,PHL,ATL,628,1,5.75,62.0,27.0,44.0,88.0
436,436,436,Delta,CHS,PHL,ATL,628,1,6.63,62.0,27.0,44.0,88.0
437,437,437,Delta,CHS,PHL,ATL,628,1,6.88,62.0,27.0,44.0,88.0
438,438,438,American Airlines,CHS,DFW,ZZZ,188,0,2.83,72.0,27.0,23.0,53.0
439,439,439,American Airlines,CHS,DFW,ZZZ,188,0,2.88,72.0,27.0,23.0,53.0
440,440,440,United,CHS,DFW,IAH,233,1,5.32,39.0,27.0,23.0,63.0
441,441,441,United,CHS,DFW,ORD,233,1,6.3,39.0,27.0,23.0,5.0
442,442,442,American Airlines,CHS,DFW,ZZZ,241,0,2.8,72.0,27.0,23.0,53.0
443,443,443,American Airlines,CHS,DFW,ZZZ,241,0,2.8,72.0,27.0,23.0,53.0
444,444,444,Delta,CHS,DAL,ATL,249,1,4.83,62.0,27.0,73.0,88.0
445,445,445,Delta,CHS,DFW,ATL,249,1,5.92,62.0,27.0,23.0,88.0
446,446,446,American Airlines,CHS,DFW,CLT,301,1,4.72,72.0,27.0,23.0,9.0
447,447,447,American Airlines,CHS,DFW,CLT,301,1,5.4,72.0,27.0,23.0,9.0
448,448,448,American Airlines,CHS,DFW,CLT,301,1,6.55,72.0,27.0,23.0,9.0
449,449,449,Delta,CHS,DFW,ATL,302,1,4.48,62.0,27.0,23.0,88.0
450,450,450,Delta,CHS,DAL,ATL,302,1,4.55,62.0,27.0,73.0,88.0
451,451,451,Delta,CHS,DAL,ATL,302,1,4.6,62.0,27.0,73.0,88.0
452,452,452,Delta,CHS,DAL,ATL,302,1,4.85,62.0,27.0,73.0,88.0
453,453,453,Delta,CHS,DAL,ATL,302,1,5.55,62.0,27.0,73.0,88.0
454,454,454,Delta,CHS,DFW,ATL,302,1,5.73,62.0,27.0,23.0,88.0
455,455,455,Delta,CHS,DFW,ATL,302,1,5.88,62.0,27.0,23.0,88.0
456,456,456,Delta,CHS,DFW,ATL,302,1,5.98,62.0,27.0,23.0,88.0
457,457,457,Delta,CHS,DFW,ATL,302,1,6.0,62.0,27.0,23.0,88.0
458,458,458,Delta,CHS,DAL,ATL,302,1,6.05,62.0,27.0,73.0,88.0
459,459,459,Delta,CHS,DAL,ATL,302,1,6.07,62.0,27.0,73.0,88.0
460,460,460,Delta,CHS,DFW,ATL,302,1,6.52,62.0,27.0,23.0,88.0
461,461,461,Delta,CHS,DAL,ATL,302,1,6.55,62.0,27.0,73.0,88.0
462,462,462,Delta,CHS,DFW,ATL,302,1,6.98,62.0,27.0,23.0,88.0
463,463,463,Delta,CHS,DFW,ATL,302,1,7.13,62.0,27.0,23.0,88.0
464,464,464,Delta,CHS,DFW,ATL,302,1,7.77,62.0,27.0,23.0,88.0
465,465,465,American Airlines,CHS,DFW,CLT,344,1,7.98,72.0,27.0,23.0,9.0
466,466,466,Delta,CHS,DFW,ATL,345,1,4.32,62.0,27.0,23.0,88.0
467,467,467,Delta,CHS,DAL,ATL,345,1,4.38,62.0,27.0,73.0,88.0
468,468,468,Delta,CHS,DFW,ATL,345,1,4.98,62.0,27.0,23.0,88.0
469,469,469,United,CHS,DFW,IAH,411,1,5.35,39.0,27.0,23.0,63.0
470,470,470,United,CHS,DFW,IAD,411,1,5.58,39.0,27.0,23.0,11.0
471,471,471,United,CHS,DFW,ORD,411,1,6.13,39.0,27.0,23.0,5.0
472,472,472,United,CHS,DFW,IAD,422,1,6.23,39.0,27.0,23.0,11.0
473,473,473,American Airlines,CHS,DFW,CLT,431,1,4.87,72.0,27.0,23.0,9.0
474,474,474,American Airlines,CHS,DFW,CLT,431,1,6.35,72.0,27.0,23.0,9.0
475,475,475,American Airlines,CHS,DFW,CLT,431,1,6.48,72.0,27.0,23.0,9.0
476,476,476,American Airlines,CHS,DFW,CLT,431,1,7.97,72.0,27.0,23.0,9.0
477,477,477,Delta,CHS,DFW,ATL,433,1,4.38,62.0,27.0,23.0,88.0
478,478,478,Delta,CHS,DFW,ATL,433,1,4.53,62.0,27.0,23.0,88.0
479,479,479,United,CHS,DFW,EWR,442,1,9.6,39.0,27.0,23.0,9.0
480,480,480,United,CHS,DFW,ORD,515,1,5.53,39.0,27.0,23.0,5.0
481,481,481,United,CHS,DFW,IAD,553,1,5.88,39.0,27.0,23.0,11.0
482,482,482,Delta,CHS,DFW,LGA,554,1,7.75,62.0,27.0,23.0,7.0
483,483,483,Delta,CHS,SFO,ATL,239,1,7.83,62.0,27.0,87.0,88.0
484,484,484,Delta,CHS,SFO,ATL,239,1,9.05,62.0,27.0,87.0,88.0
485,485,485,Delta,CHS,SFO,ATL,239,1,9.58,62.0,27.0,87.0,88.0
486,486,486,United,CHS,SFO,IAH,301,1,8.42,39.0,27.0,87.0,63.0
487,487,487,United,CHS,SFO,IAD,301,1,10.92,39.0,27.0,87.0,11.0
488,488,488,Frontier Airlines,CHS,SFO,DEN,314,1,7.47,79.0,27.0,87.0,60.0
489,489,489,Delta,CHS,SFO,ATL,350,1,7.43,62.0,27.0,87.0,88.0
490,490,490,Delta,CHS,SFO,ATL,350,1,7.68,62.0,27.0,87.0,88.0
491,491,491,Delta,CHS,SFO,ATL,350,1,7.72,62.0,27.0,87.0,88.0
492,492,492,Delta,CHS,SFO,ATL,350,1,7.72,62.0,27.0,87.0,88.0
493,493,493,Delta,CHS,SFO,ATL,350,1,7.87,62.0,27.0,87.0,88.0
494,494,494,Delta,CHS,SFO,ATL,350,1,8.47,62.0,27.0,87.0,88.0
495,495,495,United,CHS,SFO,IAD,350,1,8.57,39.0,27.0,87.0,11.0
496,496,496,Delta,CHS,SFO,ATL,350,1,8.68,62.0,27.0,87.0,88.0
497,497,497,Delta,CHS,SFO,ATL,350,1,8.72,62.0,27.0,87.0,88.0
498,498,498,Delta,CHS,SFO,JFK,350,1,9.6,62.0,27.0,87.0,56.0
499,499,499,Delta,CHS,SFO,ATL,350,1,9.68,62.0,27.0,87.0,88.0
500,500,500,Delta,CHS,SFO,ATL,350,1,9.72,62.0,27.0,87.0,88.0
501,501,501,United,CHS,SFO,IAH,350,1,9.92,39.0,27.0,87.0,63.0
502,502,502,Delta,CHS,SFO,ATL,350,1,10.15,62.0,27.0,87.0,88.0
503,503,503,Delta,CHS,SFO,DTW,350,1,10.57,62.0,27.0,87.0,50.0
504,504,504,Delta,CHS,SFO,JFK,350,1,11.57,62.0,27.0,87.0,56.0
505,505,505,Delta,CHS,SFO,JFK,350,1,11.63,62.0,27.0,87.0,56.0
506,506,506,American Airlines,CHS,SFO,DFW,353,1,7.7,72.0,27.0,87.0,23.0
507,507,507,American Airlines,CHS,SFO,DFW,353,1,8.47,72.0,27.0,87.0,23.0
508,508,508,American Airlines,CHS,SFO,DFW,353,1,10.38,72.0,27.0,87.0,23.0
509,509,509,American Airlines,CHS,SFO,DFW,359,1,11.97,72.0,27.0,87.0,23.0
510,510,510,American Airlines,CHS,SFO,CLT,373,1,7.43,72.0,27.0,87.0,9.0
511,511,511,American Airlines,CHS,SFO,CLT,373,1,7.88,72.0,27.0,87.0,9.0
512,512,512,American Airlines,CHS,SFO,CLT,373,1,10.6,72.0,27.0,87.0,9.0
513,513,513,American Airlines,CHS,SFO,DFW,374,1,8.12,72.0,27.0,87.0,23.0
514,514,514,American Airlines,CHS,SFO,DFW,374,1,10.35,72.0,27.0,87.0,23.0
515,515,515,United,CHS,SFO,IAH,390,1,7.92,39.0,27.0,87.0,63.0
516,516,516,American Airlines,CHS,SFO,CLT,426,1,7.85,72.0,27.0,87.0,9.0
517,517,517,American Airlines,CHS,SFO,CLT,426,1,8.08,72.0,27.0,87.0,9.0
518,518,518,American Airlines,CHS,SFO,CLT,426,1,9.47,72.0,27.0,87.0,9.0
519,519,519,American Airlines,CHS,SFO,CLT,426,1,9.58,72.0,27.0,87.0,9.0
520,520,520,American Airlines,CHS,SFO,ORD,427,1,7.8,72.0,27.0,87.0,5.0
521,521,521,American Airlines,CHS,SFO,DFW,427,1,8.05,72.0,27.0,87.0,23.0
522,522,522,JetBlue Airways,CHS,SFO,JFK,497,1,15.6,32.0,27.0,87.0,56.0
523,523,523,United,CHS,SFO,EWR,501,1,8.92,39.0,27.0,87.0,9.0
524,524,524,United,CHS,SFO,EWR,501,1,9.6,39.0,27.0,87.0,9.0
525,525,525,United,CHS,SFO,EWR,501,1,10.4,39.0,27.0,87.0,9.0
526,526,526,United,CHS,SFO,EWR,501,1,11.32,39.0,27.0,87.0,9.0
527,527,527,United,CHS,SFO,EWR,501,1,11.57,39.0,27.0,87.0,9.0
528,528,528,United,CHS,SFO,IAD,507,1,9.52,39.0,27.0,87.0,11.0
529,529,529,JetBlue Airways,CHS,SFO,JFK,515,1,13.48,32.0,27.0,87.0,56.0
530,530,530,JetBlue Airways,CHS,SFO,BOS,524,1,11.0,32.0,27.0,87.0,96.0
531,531,531,JetBlue Airways,CHS,SFO,BOS,524,1,12.3,32.0,27.0,87.0,96.0
532,532,532,United,CHS,SFO,IAH,529,1,8.25,39.0,27.0,87.0,63.0
533,533,533,United,CHS,SFO,EWR,529,1,9.15,39.0,27.0,87.0,9.0
534,534,534,JetBlue Airways,CHS,SFO,BOS,530,1,14.28,32.0,27.0,87.0,96.0
535,535,535,JetBlue Airways,CHS,SFO,BOS,530,1,15.58,32.0,27.0,87.0,96.0
536,536,536,United,CHS,SFO,IAD,567,1,7.97,39.0,27.0,87.0,11.0
537,537,537,JetBlue Airways,CHS,SFO,BOS,592,1,10.9,32.0,27.0,87.0,96.0
538,538,538,Alaska Airlines,CHS,SFO,SEA,592,1,9.83,84.0,27.0,87.0,1.0
539,539,539,American Airlines,CHS,SFO,CLT,"1,037",1,7.65,72.0,27.0,87.0,9.0
540,540,540,United,CHS,IAH,ZZZ,178,0,2.83,39.0,27.0,63.0,53.0
541,541,541,United,CHS,IAH,IAD,186,1,5.42,39.0,27.0,63.0,11.0
542,542,542,United,CHS,IAH,ZZZ,199,0,2.83,39.0,27.0,63.0,53.0
543,543,543,American Airlines,CHS,IAH,CLT,235,1,7.7,72.0,27.0,63.0,9.0
544,544,544,Delta,CHS,IAH,ATL,236,1,4.85,62.0,27.0,63.0,88.0
545,545,545,Delta,CHS,IAH,ATL,236,1,5.83,62.0,27.0,63.0,88.0
546,546,546,American Airlines,CHS,IAH,DFW,236,1,7.25,72.0,27.0,63.0,23.0
547,547,547,United,CHS,IAH,ZZZ,258,0,2.83,39.0,27.0,63.0,53.0
548,548,548,American Airlines,CHS,IAH,CLT,265,1,5.03,72.0,27.0,63.0,9.0
549,549,549,American Airlines,CHS,IAH,CLT,265,1,5.8,72.0,27.0,63.0,9.0
550,550,550,American Airlines,CHS,IAH,CLT,265,1,7.07,72.0,27.0,63.0,9.0
551,551,551,American Airlines,CHS,IAH,DFW,266,1,5.3,72.0,27.0,63.0,23.0
552,552,552,Delta,CHS,IAH,ATL,266,1,7.05,62.0,27.0,63.0,88.0
553,553,553,United,CHS,IAH,IAD,307,1,5.75,39.0,27.0,63.0,11.0
554,554,554,American Airlines,CHS,IAH,DFW,322,1,7.05,72.0,27.0,63.0,23.0
555,555,555,American Airlines,CHS,IAH,CLT,345,1,4.67,72.0,27.0,63.0,9.0
556,556,556,American Airlines,CHS,IAH,CLT,345,1,4.73,72.0,27.0,63.0,9.0
557,557,557,American Airlines,CHS,IAH,CLT,345,1,4.75,72.0,27.0,63.0,9.0
558,558,558,American Airlines,CHS,IAH,CLT,345,1,5.23,72.0,27.0,63.0,9.0
559,559,559,American Airlines,CHS,IAH,CLT,345,1,5.45,72.0,27.0,63.0,9.0
560,560,560,American Airlines,CHS,IAH,CLT,345,1,6.17,72.0,27.0,63.0,9.0
561,561,561,American Airlines,CHS,IAH,CLT,345,1,7.13,72.0,27.0,63.0,9.0
562,562,562,Delta,CHS,IAH,ATL,347,1,4.07,62.0,27.0,63.0,88.0
563,563,563,Delta,CHS,IAH,ATL,347,1,4.45,62.0,27.0,63.0,88.0
564,564,564,Delta,CHS,IAH,ATL,347,1,4.47,62.0,27.0,63.0,88.0
565,565,565,Delta,CHS,IAH,ATL,347,1,4.6,62.0,27.0,63.0,88.0
566,566,566,American Airlines,CHS,IAH,DFW,347,1,5.05,72.0,27.0,63.0,23.0
567,567,567,American Airlines,CHS,IAH,MIA,347,1,5.6,72.0,27.0,63.0,62.0
568,568,568,Delta,CHS,IAH,ATL,347,1,5.72,62.0,27.0,63.0,88.0
569,569,569,Delta,CHS,IAH,ATL,347,1,6.13,62.0,27.0,63.0,88.0
570,570,570,Delta,CHS,IAH,ATL,347,1,6.2,62.0,27.0,63.0,88.0
571,571,571,Delta,CHS,IAH,ATL,347,1,7.2,62.0,27.0,63.0,88.0
572,572,572,Delta,CHS,IAH,ATL,347,1,7.42,62.0,27.0,63.0,88.0
573,573,573,Delta,CHS,IAH,ATL,394,1,4.2,62.0,27.0,63.0,88.0
574,574,574,Delta,CHS,IAH,ATL,394,1,5.73,62.0,27.0,63.0,88.0
575,575,575,United,CHS,IAH,IAD,394,1,5.73,39.0,27.0,63.0,11.0
576,576,576,United,CHS,IAH,IAD,394,1,5.97,39.0,27.0,63.0,11.0
577,577,577,American Airlines,CHS,IAH,CLT,473,1,6.77,72.0,27.0,63.0,9.0
578,578,578,Delta,CHS,IAH,LGA,515,1,7.07,62.0,27.0,63.0,7.0
579,579,579,American Airlines,CHS,DTW,CLT,182,1,4.28,72.0,27.0,50.0,9.0
580,580,580,American Airlines,CHS,DTW,CLT,182,1,4.28,72.0,27.0,50.0,9.0
581,581,581,American Airlines,CHS,DTW,CLT,182,1,5.05,72.0,27.0,50.0,9.0
582,582,582,United,CHS,DTW,ORD,187,1,6.98,39.0,27.0,50.0,5.0
583,583,583,American Airlines,CHS,DTW,CLT,225,1,4.1,72.0,27.0,50.0,9.0
584,584,584,American Airlines,CHS,DTW,CLT,225,1,5.93,72.0,27.0,50.0,9.0
585,585,585,American Airlines,CHS,DTW,CLT,225,1,5.98,72.0,27.0,50.0,9.0
586,586,586,Delta,CHS,DTW,ZZZ,249,0,2.02,62.0,27.0,50.0,53.0
587,587,587,Delta,CHS,DTW,ATL,257,1,3.7,62.0,27.0,50.0,88.0
588,588,588,Delta,CHS,DTW,ATL,257,1,3.93,62.0,27.0,50.0,88.0
589,589,589,Delta,CHS,DTW,ATL,257,1,5.82,62.0,27.0,50.0,88.0
590,590,590,Delta,CHS,DTW,ATL,257,1,6.15,62.0,27.0,50.0,88.0
591,591,591,Delta,CHS,DTW,ATL,257,1,7.03,62.0,27.0,50.0,88.0
592,592,592,American Airlines,CHS,DTW,DFW,311,1,9.22,72.0,27.0,50.0,23.0
593,593,593,American Airlines,CHS,DTW,CLT,317,1,3.63,72.0,27.0,50.0,9.0
594,594,594,American Airlines,CHS,DTW,PHL,318,1,6.0,72.0,27.0,50.0,44.0
595,595,595,American Airlines,CHS,DTW,CLT,352,1,3.85,72.0,27.0,50.0,9.0
596,596,596,American Airlines,CHS,DTW,CLT,352,1,5.35,72.0,27.0,50.0,9.0
597,597,597,JetBlue Airways,CHS,DTW,BOS,366,1,5.25,32.0,27.0,50.0,96.0
598,598,598,United,CHS,DTW,IAD,369,1,3.73,39.0,27.0,50.0,11.0
599,599,599,United,CHS,DTW,IAD,369,1,3.73,39.0,27.0,50.0,11.0
600,600,600,United,CHS,DTW,IAD,369,1,3.95,39.0,27.0,50.0,11.0
601,601,601,United,CHS,DTW,ORD,378,1,7.43,39.0,27.0,50.0,5.0
602,602,602,Delta,CHS,DTW,ZZZ,389,0,2.12,62.0,27.0,50.0,53.0
603,603,603,United,CHS,DTW,EWR,391,1,6.98,39.0,27.0,50.0,9.0
604,604,604,United,CHS,DTW,IAD,397,1,4.23,39.0,27.0,50.0,11.0
605,605,605,Delta,CHS,DTW,ATL,397,1,4.37,62.0,27.0,50.0,88.0
606,606,606,Delta,CHS,DTW,ATL,397,1,4.47,62.0,27.0,50.0,88.0
607,607,607,United,CHS,DTW,EWR,397,1,5.07,39.0,27.0,50.0,9.0
608,608,608,United,CHS,DTW,ORD,397,1,5.23,39.0,27.0,50.0,5.0
609,609,609,United,CHS,DTW,EWR,397,1,5.73,39.0,27.0,50.0,9.0
610,610,610,Delta,CHS,DTW,ATL,397,1,6.2,62.0,27.0,50.0,88.0
611,611,611,United,CHS,DTW,EWR,397,1,6.95,39.0,27.0,50.0,9.0
612,612,612,Delta,CHS,DTW,ATL,397,1,7.07,62.0,27.0,50.0,88.0
613,613,613,American Airlines,CHS,DTW,CLT,476,1,4.33,72.0,27.0,50.0,9.0
614,614,614,Delta,CHS,DTW,ATL,478,1,4.33,62.0,27.0,50.0,88.0
615,615,615,Delta,CHS,DTW,ATL,478,1,4.52,62.0,27.0,50.0,88.0
616,616,616,Delta,CHS,DTW,ATL,478,1,4.57,62.0,27.0,50.0,88.0
617,617,617,Delta,CHS,DTW,ATL,478,1,5.07,62.0,27.0,50.0,88.0
618,618,618,Delta,CHS,DTW,LGA,478,1,5.28,62.0,27.0,50.0,7.0
619,619,619,Delta,CHS,DTW,JFK,478,1,5.32,62.0,27.0,50.0,56.0
620,620,620,Delta,CHS,DTW,ATL,478,1,5.33,62.0,27.0,50.0,88.0
621,621,621,Delta,CHS,DTW,ATL,478,1,5.38,62.0,27.0,50.0,88.0
622,622,622,Delta,CHS,DTW,ATL,478,1,5.58,62.0,27.0,50.0,88.0
623,623,623,Delta,CHS,DTW,ATL,478,1,5.77,62.0,27.0,50.0,88.0
624,624,624,American Airlines,CHS,DTW,PHL,478,1,5.88,72.0,27.0,50.0,44.0
625,625,625,Delta,CHS,DTW,ATL,478,1,6.33,62.0,27.0,50.0,88.0
626,626,626,Delta,CHS,DTW,LGA,478,1,7.22,62.0,27.0,50.0,7.0
627,627,627,JetBlue Airways,CHS,DTW,BOS,500,1,5.4,32.0,27.0,50.0,96.0
628,628,628,Delta,CHS,LAX,ATL,239,1,6.67,62.0,27.0,56.0,88.0
629,629,629,Delta,CHS,LAX,ATL,239,1,6.85,62.0,27.0,56.0,88.0
630,630,630,Delta,CHS,LAX,ATL,239,1,6.95,62.0,27.0,56.0,88.0
631,631,631,Delta,CHS,LAX,ATL,239,1,7.85,62.0,27.0,56.0,88.0
632,632,632,Delta,CHS,LAX,ATL,239,1,9.0,62.0,27.0,56.0,88.0
633,633,633,Frontier Airlines,CHS,LAX,DEN,307,1,7.25,79.0,27.0,56.0,60.0
634,634,634,JetBlue Airways,CHS,LAX,JFK,332,1,15.75,32.0,27.0,56.0,56.0
635,635,635,United,CHS,LAX,IAD,333,1,8.08,39.0,27.0,56.0,11.0
636,636,636,JetBlue Airways,CHS,LAX,JFK,346,1,9.32,32.0,27.0,56.0,56.0
637,637,637,Delta,CHS,LAX,ATL,350,1,6.7,62.0,27.0,56.0,88.0
638,638,638,Delta,CHS,LAX,ATL,350,1,6.87,62.0,27.0,56.0,88.0
639,639,639,Delta,CHS,LAX,ATL,350,1,7.0,62.0,27.0,56.0,88.0
640,640,640,Delta,CHS,LAX,ATL,350,1,7.33,62.0,27.0,56.0,88.0
641,641,641,Delta,CHS,LAX,ATL,350,1,7.43,62.0,27.0,56.0,88.0
642,642,642,Delta,CHS,LAX,ATL,350,1,7.58,62.0,27.0,56.0,88.0
643,643,643,Delta,CHS,LAX,ATL,350,1,7.83,62.0,27.0,56.0,88.0
644,644,644,Delta,CHS,LAX,ATL,350,1,8.0,62.0,27.0,56.0,88.0
645,645,645,Delta,CHS,LAX,DTW,350,1,8.08,62.0,27.0,56.0,50.0
646,646,646,Delta,CHS,LAX,ATL,350,1,8.17,62.0,27.0,56.0,88.0
647,647,647,Delta,CHS,LAX,ATL,350,1,8.33,62.0,27.0,56.0,88.0
648,648,648,Delta,CHS,LAX,ATL,350,1,8.38,62.0,27.0,56.0,88.0
649,649,649,Delta,CHS,LAX,ATL,350,1,8.47,62.0,27.0,56.0,88.0
650,650,650,Delta,CHS,LAX,JFK,350,1,8.73,62.0,27.0,56.0,56.0
651,651,651,Delta,CHS,LAX,ATL,350,1,8.83,62.0,27.0,56.0,88.0
652,652,652,Delta,CHS,LAX,ATL,350,1,8.9,62.0,27.0,56.0,88.0
653,653,653,Delta,CHS,LAX,ATL,350,1,9.17,62.0,27.0,56.0,88.0
654,654,654,Delta,CHS,LAX,JFK,350,1,9.27,62.0,27.0,56.0,56.0
655,655,655,Delta,CHS,LAX,ATL,350,1,9.33,62.0,27.0,56.0,88.0
656,656,656,Delta,CHS,LAX,JFK,350,1,9.42,62.0,27.0,56.0,56.0
657,657,657,Delta,CHS,LAX,ATL,350,1,9.47,62.0,27.0,56.0,88.0
658,658,658,Delta,CHS,LAX,ATL,350,1,9.52,62.0,27.0,56.0,88.0
659,659,659,Delta,CHS,LAX,ATL,350,1,9.98,62.0,27.0,56.0,88.0
660,660,660,Delta,CHS,LAX,ATL,350,1,9.98,62.0,27.0,56.0,88.0
661,661,661,Delta,CHS,LAX,DTW,350,1,10.57,62.0,27.0,56.0,50.0
662,662,662,Delta,CHS,LAX,JFK,350,1,10.58,62.0,27.0,56.0,56.0
663,663,663,Delta,CHS,LAX,JFK,350,1,11.33,62.0,27.0,56.0,56.0
664,664,664,JetBlue Airways,CHS,LAX,FLL,373,1,9.05,32.0,27.0,56.0,73.0
665,665,665,United,CHS,LAX,IAD,390,1,7.73,39.0,27.0,56.0,11.0
666,666,666,United,CHS,LAX,ORD,390,1,8.93,39.0,27.0,56.0,5.0
667,667,667,United,CHS,LAX,IAD,390,1,9.23,39.0,27.0,56.0,11.0
668,668,668,JetBlue Airways,CHS,LAX,JFK,416,1,9.3,32.0,27.0,56.0,56.0
669,669,669,JetBlue Airways,CHS,LAX,JFK,422,1,15.7,32.0,27.0,56.0,56.0
670,670,670,American Airlines,CHS,LAX,CLT,427,1,7.58,72.0,27.0,56.0,9.0
671,671,671,American Airlines,CHS,LAX,CLT,427,1,7.63,72.0,27.0,56.0,9.0
672,672,672,American Airlines,CHS,LAX,CLT,427,1,7.78,72.0,27.0,56.0,9.0
673,673,673,American Airlines,CHS,LAX,CLT,427,1,7.98,72.0,27.0,56.0,9.0
674,674,674,American Airlines,CHS,LAX,CLT,427,1,8.47,72.0,27.0,56.0,9.0
675,675,675,American Airlines,CHS,LAX,CLT,427,1,9.2,72.0,27.0,56.0,9.0
676,676,676,American Airlines,CHS,LAX,CLT,427,1,9.28,72.0,27.0,56.0,9.0
677,677,677,American Airlines,CHS,LAX,CLT,427,1,9.82,72.0,27.0,56.0,9.0
678,678,678,American Airlines,CHS,LAX,CLT,427,1,10.05,72.0,27.0,56.0,9.0
679,679,679,United,CHS,LAX,IAH,428,1,7.33,39.0,27.0,56.0,63.0
680,680,680,United,CHS,LAX,ORD,450,1,8.27,39.0,27.0,56.0,5.0
681,681,681,United,CHS,LAX,ORD,450,1,8.27,39.0,27.0,56.0,5.0
682,682,682,United,CHS,LAX,EWR,479,1,9.58,39.0,27.0,56.0,9.0
683,683,683,United,CHS,LAX,EWR,479,1,10.58,39.0,27.0,56.0,9.0
684,684,684,United,CHS,LAX,IAD,481,1,8.38,39.0,27.0,56.0,11.0
685,685,685,Frontier Airlines,CHS,SEA,DEN,293,1,7.63,79.0,27.0,1.0,60.0
686,686,686,Delta,CHS,SEA,ATL,350,1,8.62,62.0,27.0,1.0,88.0
687,687,687,United,CHS,SEA,IAH,350,1,8.82,39.0,27.0,1.0,63.0
688,688,688,Delta,CHS,SEA,ATL,350,1,9.83,62.0,27.0,1.0,88.0
689,689,689,American Airlines,CHS,SEA,DFW,350,1,10.53,72.0,27.0,1.0,23.0
690,690,690,American Airlines,CHS,SEA,DFW,374,1,9.32,72.0,27.0,1.0,23.0
691,691,691,American Airlines,CHS,SEA,CLT,378,1,7.52,72.0,27.0,1.0,9.0
692,692,692,American Airlines,CHS,SEA,DFW,379,1,8.4,72.0,27.0,1.0,23.0
693,693,693,American Airlines,CHS,SEA,MIA,379,1,12.3,72.0,27.0,1.0,62.0
694,694,694,Delta,CHS,SEA,ATL,390,1,7.35,62.0,27.0,1.0,88.0
695,695,695,Delta,CHS,SEA,ATL,390,1,7.48,62.0,27.0,1.0,88.0
696,696,696,Delta,CHS,SEA,ATL,390,1,8.23,62.0,27.0,1.0,88.0
697,697,697,Delta,CHS,SEA,ATL,390,1,8.48,62.0,27.0,1.0,88.0
698,698,698,United,CHS,SEA,ORD,390,1,8.65,39.0,27.0,1.0,5.0
699,699,699,Delta,CHS,SEA,ATL,390,1,8.95,62.0,27.0,1.0,88.0
700,700,700,Delta,CHS,SEA,ATL,390,1,9.02,62.0,27.0,1.0,88.0
701,701,701,Delta,CHS,SEA,ATL,390,1,9.48,62.0,27.0,1.0,88.0
702,702,702,Delta,CHS,SEA,ATL,390,1,9.95,62.0,27.0,1.0,88.0
703,703,703,Delta,CHS,SEA,ATL,390,1,10.27,62.0,27.0,1.0,88.0
704,704,704,JetBlue Airways,CHS,SEA,JFK,443,1,14.55,32.0,27.0,1.0,56.0
705,705,705,American Airlines,CHS,SEA,DFW,465,1,8.53,72.0,27.0,1.0,23.0
706,706,706,United,CHS,SEA,IAD,475,1,7.82,39.0,27.0,1.0,11.0
707,707,707,United,CHS,SEA,IAD,475,1,8.4,39.0,27.0,1.0,11.0
708,708,708,Alaska Airlines,CHS,SEA,ZZZ,499,0,5.92,84.0,27.0,1.0,53.0
709,709,709,United,CHS,SEA,IAD,507,1,8.23,39.0,27.0,1.0,11.0
710,710,710,United,CHS,SEA,ORD,507,1,8.48,39.0,27.0,1.0,5.0
711,711,711,United,CHS,SEA,IAH,507,1,8.82,39.0,27.0,1.0,63.0
712,712,712,United,CHS,SEA,IAH,507,1,8.9,39.0,27.0,1.0,63.0
713,713,713,Delta,CHS,SEA,ATL,529,1,7.52,62.0,27.0,1.0,88.0
714,714,714,Delta,CHS,SEA,ATL,529,1,9.2,62.0,27.0,1.0,88.0
715,715,715,Delta,CHS,SEA,DTW,529,1,10.02,62.0,27.0,1.0,50.0
716,716,716,American Airlines,CHS,SEA,CLT,535,1,7.85,72.0,27.0,1.0,9.0
717,717,717,American Airlines,CHS,SEA,CLT,535,1,8.17,72.0,27.0,1.0,9.0
718,718,718,American Airlines,CHS,SEA,CLT,535,1,9.78,72.0,27.0,1.0,9.0
719,719,719,JetBlue Airways,CHS,SEA,JFK,563,1,12.78,32.0,27.0,1.0,56.0
720,720,720,JetBlue Airways,CHS,SEA,BOS,604,1,11.6,32.0,27.0,1.0,96.0
721,721,721,JetBlue Airways,CHS,SEA,BOS,610,1,12.9,32.0,27.0,1.0,96.0
722,722,722,American Airlines,CHS,BOS,PHL,163,1,5.63,72.0,27.0,96.0,44.0
723,723,723,American Airlines,CHS,BOS,CLT,206,1,5.15,72.0,27.0,96.0,9.0
724,724,724,American Airlines,CHS,BOS,DCA,207,1,3.62,72.0,27.0,96.0,81.0
725,725,725,United,CHS,BOS,IAD,207,1,4.35,39.0,27.0,96.0,11.0
726,726,726,JetBlue Airways,CHS,BOS,ZZZ,232,0,2.23,32.0,27.0,96.0,53.0
727,727,727,JetBlue Airways,CHS,BOS,ZZZ,232,0,2.3,32.0,27.0,96.0,53.0
728,728,728,JetBlue Airways,CHS,BOS,JFK,236,1,10.93,32.0,27.0,96.0,56.0
729,729,729,JetBlue Airways,CHS,BOS,DCA,241,1,3.48,32.0,27.0,96.0,81.0
730,730,730,JetBlue Airways,CHS,BOS,DCA,241,1,6.52,32.0,27.0,96.0,81.0
731,731,731,JetBlue Airways,CHS,BOS,JFK,243,1,4.27,32.0,27.0,96.0,56.0
732,732,732,American Airlines,CHS,BOS,CLT,256,1,4.37,72.0,27.0,96.0,9.0
733,733,733,American Airlines,CHS,BOS,CLT,256,1,6.2,72.0,27.0,96.0,9.0
734,734,734,American Airlines,CHS,BOS,CLT,256,1,6.85,72.0,27.0,96.0,9.0
735,735,735,Delta,CHS,BOS,ATL,257,1,4.48,62.0,27.0,96.0,88.0
736,736,736,American Airlines,CHS,BOS,PHL,257,1,5.0,72.0,27.0,96.0,44.0
737,737,737,Delta,CHS,BOS,ATL,257,1,5.85,62.0,27.0,96.0,88.0
738,738,738,Delta,CHS,BOS,ATL,257,1,5.9,62.0,27.0,96.0,88.0
739,739,739,JetBlue Airways,CHS,BOS,DCA,259,1,7.77,32.0,27.0,96.0,81.0
740,740,740,JetBlue Airways,CHS,BOS,DCA,268,1,7.07,32.0,27.0,96.0,81.0
741,741,741,American Airlines,CHS,BOS,DCA,299,1,4.8,72.0,27.0,96.0,81.0
742,742,742,JetBlue Airways,CHS,BOS,ZZZ,299,0,2.37,32.0,27.0,96.0,53.0
743,743,743,United,CHS,BOS,IAD,307,1,3.83,39.0,27.0,96.0,11.0
744,744,744,United,CHS,BOS,IAD,307,1,4.02,39.0,27.0,96.0,11.0
745,745,745,American Airlines,CHS,BOS,CLT,326,1,4.08,72.0,27.0,96.0,9.0
746,746,746,American Airlines,CHS,BOS,CLT,326,1,4.3,72.0,27.0,96.0,9.0
747,747,747,American Airlines,CHS,BOS,CLT,326,1,4.4,72.0,27.0,96.0,9.0
748,748,748,American Airlines,CHS,BOS,CLT,326,1,4.6,72.0,27.0,96.0,9.0
749,749,749,American Airlines,CHS,BOS,PHL,327,1,4.45,72.0,27.0,96.0,44.0
750,750,750,American Airlines,CHS,BOS,PHL,327,1,4.7,72.0,27.0,96.0,44.0
751,751,751,Delta,CHS,BOS,ZZZ,337,0,2.48,62.0,27.0,96.0,53.0
752,752,752,United,CHS,BOS,IAD,345,1,3.77,39.0,27.0,96.0,11.0
753,753,753,United,CHS,BOS,EWR,345,1,4.17,39.0,27.0,96.0,9.0
754,754,754,United,CHS,BOS,EWR,345,1,4.48,39.0,27.0,96.0,9.0
755,755,755,Delta,CHS,BOS,ATL,345,1,4.75,62.0,27.0,96.0,88.0
756,756,756,Delta,CHS,BOS,LGA,345,1,4.82,62.0,27.0,96.0,7.0
757,757,757,Delta,CHS,BOS,LGA,345,1,4.82,62.0,27.0,96.0,7.0
758,758,758,Delta,CHS,BOS,JFK,345,1,5.3,62.0,27.0,96.0,56.0
759,759,759,Delta,CHS,BOS,JFK,345,1,5.52,62.0,27.0,96.0,56.0
760,760,760,United,CHS,BOS,EWR,345,1,6.13,39.0,27.0,96.0,9.0
761,761,761,United,CHS,BOS,ORD,345,1,6.18,39.0,27.0,96.0,5.0
762,762,762,United,CHS,BOS,EWR,345,1,6.73,39.0,27.0,96.0,9.0
763,763,763,Delta,CHS,BOS,LGA,345,1,6.9,62.0,27.0,96.0,7.0
764,764,764,United,CHS,BOS,EWR,365,1,7.98,39.0,27.0,96.0,9.0
765,765,765,United,CHS,BOS,EWR,365,1,8.73,39.0,27.0,96.0,9.0
766,766,766,United,CHS,BOS,EWR,365,1,10.15,39.0,27.0,96.0,9.0
767,767,767,United,CHS,BOS,EWR,365,1,11.07,39.0,27.0,96.0,9.0
768,768,768,American Airlines,CHS,BOS,DCA,373,1,3.95,72.0,27.0,96.0,81.0
769,769,769,United,CHS,BOS,IAD,377,1,8.25,39.0,27.0,96.0,11.0
770,770,770,Delta,CHS,BOS,ATL,395,1,6.48,62.0,27.0,96.0,88.0
771,771,771,Delta,CHS,BOS,ATL,395,1,7.57,62.0,27.0,96.0,88.0
772,772,772,United,CHS,BOS,EWR,444,1,8.9,39.0,27.0,96.0,9.0
773,773,773,American Airlines,CHS,BOS,CLT,452,1,4.58,72.0,27.0,96.0,9.0
774,774,774,American Airlines,CHS,BOS,CLT,452,1,5.4,72.0,27.0,96.0,9.0
775,775,775,American Airlines,CHS,BOS,CLT,452,1,6.28,72.0,27.0,96.0,9.0
776,776,776,Delta,CHS,BOS,ATL,453,1,4.88,62.0,27.0,96.0,88.0
777,777,777,Delta,CHS,BOS,ATL,453,1,5.05,62.0,27.0,96.0,88.0
778,778,778,Delta,CHS,BOS,ATL,453,1,5.97,62.0,27.0,96.0,88.0
779,779,779,Delta,CHS,BOS,ATL,455,1,9.62,62.0,27.0,96.0,88.0
780,780,780,Delta,CHS,BOS,ATL,485,1,8.02,62.0,27.0,96.0,88.0
781,781,781,Delta,CHS,BOS,ATL,585,1,8.53,62.0,27.0,96.0,88.0
782,782,782,Delta,CHS,BOS,ATL,585,1,8.57,62.0,27.0,96.0,88.0
783,783,783,Delta,CHS,BOS,ATL,600,1,5.08,62.0,27.0,96.0,88.0
784,784,784,Delta,CHS,BOS,ATL,600,1,6.33,62.0,27.0,96.0,88.0
785,785,785,Delta,CHS,BOS,ATL,600,1,6.93,62.0,27.0,96.0,88.0
786,786,786,Delta,CHS,BOS,ATL,600,1,7.32,62.0,27.0,96.0,88.0
787,787,787,Delta,CHS,BOS,JFK,640,1,9.87,62.0,27.0,96.0,56.0
